Year,Time,Forest type,Site #,Site name,Plant Species,Plot #,Cage,Treatment,Height (cm),Leaf1.L,Leaf 2.L,Leaf 3.L,Leaf 4.L,Leaf 5.L,Leaf 6.L,Leaf7.L,Leaf8.L,Leaf9.L,Leaf10.L,Leaf1.Area,Leaf2.Area,Leaf3.Area,Leaf4.Area,Leaf5.Area,Leaf6.Area,Leaf7.Area,Leaf8.Area,Leaf9.Area,Leaf10.Area,Total.LA,leaf.dw.g
2007,1,N,1,Sand 4,C,1,CA,CA,2.5,NL,,,,,,,,,,2.5,,,,,,,,,,2.5,50.4
2007,1,N,1,Sand 4,C,2,CA,CF,0.9,NL,,,,,,,,,,0.9,,,,,,,,,,0.9,50.1
2007,1,N,1,Sand 4,C,4,CO,CO,2.3,NL,,,,,,,,,,2.3,,,,,,,,,,2.3,50.4
2007,1,N,1,Sand 4,C,5,CO,FE,6.6,20.1,20.5,14.4,14.2,,,,,,,81.70561139,84.15850327,49.52702246,48.49805437,0,0,0,0,0,0,263.9,107.9
2007,1,N,1,Sand 4,C,6,CA,CA,6,17.6,17.6,12,,,,,,,,66.93655362,66.93655362,37.66892711,0,0,0,0,0,0,0,171.5,87.6
2007,1,N,1,Sand 4,C,7,CA,CF,2.6,NL,,,,,,,,,,2.6,,,,,,,,,,2.6,50.5
2007,1,N,1,Sand 4,C,9,CO,CO,4.1,NL,,,,,,,,,,4.1,,,,,,,,,,4.1,50.8
2007,1,N,1,Sand 4,C,10,CO,FE,4,5,,,,,,,,,,10.12157636,0,0,0,0,0,0,0,0,0,10.1,52.1
2007,1,N,1,Sand 4,C,11,CA,CA,5.5,15.7,15.5,,,,,,,,,56.38833231,55.31350698,0,0,0,0,0,0,0,0,111.7,74.5
2007,1,N,1,Sand 4,C,12,CA,CF,5.9,13.9,,,,,,,,,,46.96818727,0,0,0,0,0,0,0,0,0,47,60.2
2007,1,N,1,Sand 4,C,14,CO,CO,4.7,7.4,,,,,,,,,,18.23173572,0,0,0,0,0,0,0,0,0,18.2,53.9
2007,1,N,1,Sand 4,C,15,CO,FE,10.4,23.5,23.6,,,,,,,,,103.3080705,103.9686704,0,0,0,0,0,0,0,0,207.3,95.5
2007,1,N,1,Sand 4,C,16,CA,CA,5,6.5,,,,,,,,,,15.00681477,0,0,0,0,0,0,0,0,0,15,53.2
2007,1,N,1,Sand 4,C,17,CA,CF,8.3,21.4,11,11,,,,,,,,89.76528156,33.05665018,33.05665018,0,0,0,0,0,0,0,155.9,84.2
2007,1,N,1,Sand 4,C,19,CO,CO,5.5,11,11.2,15.5,16,,,,,,,33.05665018,33.96295394,55.31350698,58.01346269,0,0,0,0,0,0,180.3,89.6
2007,1,N,1,Sand 4,C,20,CO,FE,4.3,13.5,13,15.2,15.4,,,,,,,44.95399596,42.4780575,53.71427177,54.77868927,0,0,0,0,0,0,195.9,93
2007,1,N,1,Sand 4,C,21,CA,CA,3,4.2,,,,,,,,,,7.790831151,0,0,0,0,0,0,0,0,0,7.8,51.6
2007,1,N,1,Sand 4,C,22,CA,CF,5.5,10.5,10.5,,,,,,,,,30.82701964,30.82701964,0,0,0,0,0,0,0,0,61.7,63.5
2007,1,N,1,Sand 4,C,24,CO,CO,11.2,20.7,20.9,,,,,,,,,85.39400211,86.63549724,0,0,0,0,0,0,0,0,172,87.7
2007,1,N,1,Sand 4,C,25,CO,FE,6,17,17.2,12.7,12.7,,,,,,,63.54057757,64.66600536,41.01512579,41.01512579,0,0,0,0,0,0,210.2,96.1
2007,1,N,2,Sand 3,C,26,CA,CF,1.3,NL,,,,,,,,,,1.3,,,,,,,,,,1.3,50.2
2007,1,N,2,Sand 3,C,27,CO,PC,6.1,15.1,14.9,,,,,,,,,53.18468335,52.13077601,0,0,0,0,0,0,0,0,105.3,73.1
2007,1,N,2,Sand 3,C,28,CO,CO,3.5,21.7,21.6,19,19,,,,,,,91.6608729,91.02754041,75.08640519,75.08640519,0,0,0,0,0,0,332.9,123.1
2007,1,N,2,Sand 3,C,29,CO,FE,4.8,7.2,7.4,,,,,,,,,17.49710076,18.23173572,0,0,0,0,0,0,0,0,35.7,57.8
2007,1,N,2,Sand 3,C,30,CA,CA,9,14,13.2,,,,,,,,,47.47632309,43.46281091,0,0,0,0,0,0,0,0,90.9,69.9
2007,1,N,2,Sand 3,C,31,CA,CF,1.4,3.4,3.4,,,,,,,,,5.673189425,5.673189425,0,0,0,0,0,0,0,0,11.3,52.4
2007,1,N,2,Sand 3,C,32,CO,PC,5,11,11,,,,,,,,,33.05665018,33.05665018,0,0,0,0,0,0,0,0,66.1,64.4
2007,1,N,2,Sand 3,C,33,CO,CO,4.6,11.4,13,10,13,,,,,,,34.87740421,42.4780575,28.64997731,42.4780575,0,0,0,0,0,0,148.5,82.6
2007,1,N,2,Sand 3,C,34,CO,FE,10.5,25.7,26,14.2,14.2,,,,,,,118.1612002,120.2377318,48.49805437,48.49805437,0,0,0,0,0,0,335.4,123.7
2007,1,N,2,Sand 3,C,35,CA,CA,7.2,16.1,16.2,11.8,11.9,,,,,,,58.55858916,59.10541495,36.73045967,37.19870543,0,0,0,0,0,0,191.6,92
2007,1,N,2,Sand 3,C,36,CA,CF,3.2,6,6,,,,,,,,,13.30782632,13.30782632,0,0,0,0,0,0,0,0,26.6,55.7
2007,1,N,2,Sand 3,C,37,CO,PC,8,11,11.2,,,,,,,,,33.05665018,33.96295394,0,0,0,0,0,0,0,0,67,64.6
2007,1,N,2,Sand 3,C,38,CO,CO,9.2,18,13.5,13.6,,,,,,,,69.23310981,44.95399596,45.45477765,0,0,0,0,0,0,0,159.6,85
2007,1,N,2,Sand 3,C,39,CO,FE,3,NL,,,,,,,,,,3,,,,,,,,,,3,50.6
2007,1,N,2,Sand 3,C,40,CA,CA,NC,9,10.5,10.5,6,,,,,,,24.45894459,30.82701964,30.82701964,13.30782632,0,0,0,0,0,0,99.4,71.8
2007,1,N,2,Sand 3,C,41,CA,CF,5,9.1,9,,,,,,,,,24.8680262,24.45894459,0,0,0,0,0,0,0,0,49.3,60.7
2007,1,N,2,Sand 3,C,42,CO,PC,6.5,10.1,10.1,,,,,,,,,29.08111786,29.08111786,0,0,0,0,0,0,0,0,58.2,62.7
2007,1,N,2,Sand 3,C,43,CO,CO,3.6,8.9,8.9,,,,,,,,,24.05213436,24.05213436,0,0,0,0,0,0,0,0,48.1,60.5
2007,1,N,2,Sand 3,C,44,CO,FE,4.5,5.6,5.6,,,,,,,,,11.99856558,11.99856558,0,0,0,0,0,0,0,0,24,55.2
2007,1,N,2,Sand 3,C,45,CA,CA,2.9,4.9,4.9,,,,,,,,,9.819234187,9.819234187,0,0,0,0,0,0,0,0,19.6,54.2
2007,1,N,2,Sand 3,C,46,CA,CF,7.2,9.1,9.2,,,,,,,,,24.8680262,25.27936671,0,0,0,0,0,0,0,0,50.1,60.9
2007,1,N,2,Sand 3,C,47,CO,PC,4.2,6.7,6.6,,,,,,,,,15.70526138,15.35471231,0,0,0,0,0,0,0,0,31.1,56.7
2007,1,N,2,Sand 3,C,48,CO,CO,3.5,22.4,23,18.2,18.2,10,10,,,,,96.1350115,100.0262384,70.39104989,70.39104989,28.64997731,28.64997731,0,0,0,0,394.2,136.6
2007,1,N,2,Sand 3,C,49,CO,FE,3.4,7.4,7.3,,,,,,,,,18.23173572,17.86315751,0,0,0,0,0,0,0,0,36.1,57.8
2007,1,N,2,Sand 3,C,50,CA,CA,3,NL,,,,,,,,,,3,,,,,,,,,,3,50.6
2007,1,N,3,East 2,C,51,CA,CF,7.1,18.4,19,13.5,13,,,,,,,71.55538395,75.08640519,44.95399596,42.4780575,0,0,0,0,0,0,234.1,101.4
2007,1,N,3,East 2,C,52,CO,PC,5,8.5,,,,,,,,,,22.44786447,0,0,0,0,0,0,0,0,0,22.4,54.8
2007,1,N,3,East 2,C,53,CO,CO,3,14.6,14.5,17.5,17.5,,,,,,,50.56317703,50.04420454,66.36646676,66.36646676,0,0,0,0,0,0,233.3,101.2
2007,1,N,3,East 2,C,54,CO,FE,8.6,12.9,13,,,,,,,,,41.98851317,42.4780575,0,0,0,0,0,0,0,0,84.5,68.5
2007,1,N,3,East 2,C,55,CA,CA,10.7,12.5,12.5,,,,,,,,,40.04938974,40.04938974,0,0,0,0,0,0,0,0,80.1,67.5
2007,1,N,3,East 2,C,56,CA,CF,2.2,4.4,4.3,,,,,,,,,8.354319782,8.070933722,0,0,0,0,0,0,0,0,16.4,53.5
2007,1,N,3,East 2,C,57,CO,PC,4.4,7.5,7.5,,,,,,,,,18.60281832,18.60281832,0,0,0,0,0,0,0,0,37.2,58.1
2007,1,N,3,East 2,C,58,CO,CO,4,8.2,8.2,9,9,,,,,,,21.26915597,21.26915597,24.45894459,24.45894459,0,0,0,0,0,0,91.5,70
2007,1,N,3,East 2,C,59,CO,FE,7.1,13,13,,,,,,,,,42.4780575,42.4780575,0,0,0,0,0,0,0,0,85,68.6
2007,1,N,3,East 2,C,60,CA,CA,2.8,5,5,,,,,,,,,10.12157636,10.12157636,0,0,0,0,0,0,0,0,20.2,54.3
2007,1,N,3,East 2,C,61,CA,CF,2.6,4,3.9,,,,,,,,,7.240632999,6.970619292,0,0,0,0,0,0,0,0,14.2,53
2007,1,N,3,East 2,C,62,CO,PC,3.7,NL,,,,,,,,,,3.7,,,,,,,,,,3.7,50.7
2007,1,N,3,East 2,C,63,CO,CO,5,7.4,7.4,,,,,,,,,18.23173572,18.23173572,0,0,0,0,0,0,0,0,36.5,57.9
2007,1,N,3,East 2,C,64,CO,FE,3,NL,,,,,,,,,,3,,,,,,,,,,3,50.6
2007,1,N,3,East 2,C,65,CA,CA,4.3,5.5,5.5,,,,,,,,,11.67838304,11.67838304,0,0,0,0,0,0,0,0,23.4,55
2007,1,N,3,East 2,C,66,CA,CF,3.2,NL,,,,,,,,,,3.2,,,,,,,,,,3.2,50.6
2007,1,N,3,East 2,C,67,CO,PC,6.1,7.5,,,,,,,,,,18.60281832,0,0,0,0,0,0,0,0,0,18.6,54
2007,1,N,3,East 2,C,68,CO,CO,1.2,NL,,,,,,,,,,1.2,,,,,,,,,,1.2,50.2
2007,1,N,3,East 2,C,69,CO,FE,3.3,,,,,,,,,,,3.3,,,,,,,,,,3.3,50.6
2007,1,N,3,East 2,C,70,CA,CA,4.3,18.5,18.8,19,19,,,,,,,72.13993784,73.90309553,75.08640519,75.08640519,0,0,0,0,0,0,296.2,115.1
2007,1,N,3,East 2,C,71,CA,CF,7,14.2,14.2,,,,,,,,,48.49805437,48.49805437,0,0,0,0,0,0,0,0,97,71.2
2007,1,N,3,East 2,C,72,CO,PC,4.5,22.7,22.8,18,,,,,,,,98.07418245,98.72344028,69.23310981,0,0,0,0,0,0,0,266,108.4
2007,1,N,3,East 2,C,73,CO,CO,11,19.6,30.5,30.5,,,,,,,,78.67375355,152.7941656,152.7941656,0,0,0,0,0,0,0,384.3,134.4
2007,1,N,3,East 2,C,74,CO,FE,1.7,NL,,,,,,,,,,1.7,,,,,,,,,,1.7,50.3
2007,1,N,3,East 2,C,75,CA,CA,5.5,11.6,11.6,,,,,,,,,35.79992938,35.79992938,0,0,0,0,0,0,0,0,71.6,65.6
2007,1,N,4,East 4,C,76,CO,FE,2.5,NL,,,,,,,,,,2.5,,,,,,,,,,2.5,50.4
2007,1,N,4,East 4,C,77,CA,CA,4.3,NL,,,,,,,,,,4.3,,,,,,,,,,4.3,50.8
2007,1,N,4,East 4,C,78,CA,CF,3.9,8.1,8.2,,,,,,,,,20.88099282,21.26915597,0,0,0,0,0,0,0,0,42.2,59.2
2007,1,N,4,East 4,C,80,CO,CO,3.2,12.4,12.3,10.2,10,,,,,,,39.56940992,39.09136586,29.5144028,28.64997731,0,0,0,0,0,0,136.8,80
2007,1,N,4,East 4,C,81,CO,FE,2,11.9,12,9,9,9,,,,,,37.19870543,37.66892711,24.45894459,24.45894459,24.45894459,0,0,0,0,0,148.2,82.5
2007,1,N,4,East 4,C,82,CA,CA,4,5,5,,,,,,,,,10.12157636,10.12157636,0,0,0,0,0,0,0,0,20.2,54.3
2007,1,N,4,East 4,C,83,CA,CF,3.6,6,11,11,,,,,,,,13.30782632,33.05665018,33.05665018,0,0,0,0,0,0,0,79.4,67.4
2007,1,N,4,East 4,C,85,CO,CO,10,16.8,,,,,,,,,,62.4217651,0,0,0,0,0,0,0,0,0,62.4,63.6
2007,1,N,4,East 4,C,86,CO,FE,7.1,14.1,,,,,,,,,,47.98628094,0,0,0,0,0,0,0,0,0,48,60.4
2007,1,N,4,East 4,C,87,CA,CA,5,14,20,20,,,,,,,,47.47632309,81.09618212,81.09618212,0,0,0,0,0,0,0,209.7,96
2007,1,N,4,East 4,C,88,CA,CF,5.5,11.3,,,,,,,,,,34.41916528,0,0,0,0,0,0,0,0,0,34.4,57.5
2007,1,N,4,East 4,C,90,CO,CO,1.2,NL,,,,,,,,,,1.2,,,,,,,,,,1.2,50.2
2007,1,N,4,East 4,C,91,CO,FE,6,6.2,,,,,,,,,,13.97923634,0,0,0,0,0,0,0,0,0,14,53
2007,1,N,4,East 4,C,92,CA,CA,2,NL,,,,,,,,,,2,,,,,,,,,,2,50.3
2007,1,N,4,East 4,C,93,CA,CF,1.3,NL,,,,,,,,,,1.3,,,,,,,,,,1.3,50.2
2007,1,N,4,East 4,C,95,CO,CO,9.7,20,,,,,,,,,,81.09618212,0,0,0,0,0,0,0,0,0,81.1,67.7
2007,1,N,5,Holei 1,C,96,CA,CA,3.1,8,7.6,7.6,,,,,,,,20.49522365,18.97638862,18.97638862,0,0,0,0,0,0,0,58.4,62.7
2007,1,N,5,Holei 1,C,97,CA,CF,4,7.2,7.2,,,,,,,,,17.49710076,17.49710076,0,0,0,0,0,0,0,0,35,57.6
2007,1,N,5,Holei 1,C,99,CO,CO,3,12.7,12.7,14.5,,,,,,,,41.01512579,41.01512579,50.04420454,0,0,0,0,0,0,0,132.1,78.9
2007,1,N,5,Holei 1,C,100,CO,FE,10,17.9,18,,,,,,,,,68.65654855,69.23310981,0,0,0,0,0,0,0,0,137.9,80.2
2007,1,N,5,Holei 1,C,101,CA,CA,10.9,19.1,19.1,,,,,,,,,75.68040889,75.68040889,0,0,0,0,0,0,0,0,151.4,83.2
2007,1,N,5,Holei 1,C,102,CA,CF,5.8,11.4,,,,,,,,,,34.87740421,0,0,0,0,0,0,0,0,0,34.9,57.6
2007,1,N,5,Holei 1,C,104,CO,CO,6.1,9.8,10,,,,,,,,,27.79417224,28.64997731,0,0,0,0,0,0,0,0,56.4,62.3
2007,1,N,5,Holei 1,C,105,CO,FE,5.6,14.9,14.9,11,11,,,,,,,52.13077601,52.13077601,33.05665018,33.05665018,0,0,0,0,0,0,170.4,87.4
2007,1,N,5,Holei 1,C,106,CA,CA,1.3,NL,,,,,,,,,,1.3,,,,,,,,,,1.3,50.2
2007,1,N,5,Holei 1,C,107,CA,CF,5,10,10,16.8,17,,,,,,,28.64997731,28.64997731,62.4217651,63.54057757,0,0,0,0,0,0,183.3,90.2
2007,1,N,5,Holei 1,C,109,CO,CO,3.1,5.8,,,,,,,,,,12.64753947,0,0,0,0,0,0,0,0,0,12.6,52.7
2007,1,N,5,Holei 1,C,110,CO,FE,3.3,7,6.7,9.8,9.9,,,,,,,16.77262164,15.70526138,27.79417224,28.22099182,0,0,0,0,0,0,88.5,69.4
2007,1,N,5,Holei 1,C,111,CA,CA,8.2,14.3,14.3,,,,,,,,,49.01163698,49.01163698,0,0,0,0,0,0,0,0,98,71.5
2007,1,N,5,Holei 1,C,112,CA,CF,3.5,NL,,,,,,,,,,3.5,,,,,,,,,,3.5,50.7
2007,1,N,5,Holei 1,C,114,CO,CO,6.5,9.5,11.6,16.1,16.3,,,,,,,26.52681974,35.79992938,58.55858916,59.65393481,0,0,0,0,0,0,180.5,89.6
2007,1,N,5,Holei 1,C,115,CO,FE,1.2,NL,,,,,,,,,,1.2,,,,,,,,,,1.2,50.2
2007,1,C,1,Holei 4,C,116,CA,CA,3.2,4.9,4.9,,,,,,,,,9.819234187,9.819234187,0,0,0,0,0,0,0,0,19.6,54.2
2007,1,C,1,Holei 4,C,117,CA,CF,4.5,4.5,19,19.2,17.6,17.2,,,,,,8.640951882,75.08640519,76.27597306,66.93655362,64.66600536,0,0,0,0,0,291.6,114
2007,1,C,1,Holei 4,C,119,CO,CO,5,14.5,14.4,16,15.9,,,,,,,50.04420454,49.52702246,58.01346269,57.47004082,0,0,0,0,0,0,215.1,97.2
2007,1,C,1,Holei 4,C,120,CO,FE,6,7,12,,,,,,,,,16.77262164,37.66892711,0,0,0,0,0,0,0,0,54.4,61.9
2007,1,C,1,Holei 4,C,121,CA,CA,5,4.1,4.2,9.9,,,,,,,,7.514050847,7.790831151,28.22099182,0,0,0,0,0,0,0,43.5,59.5
2007,1,C,1,Holei 4,C,122,CA,CF,4.3,7.2,7.2,12.5,12.5,,,,,,,17.49710076,17.49710076,40.04938974,40.04938974,0,0,0,0,0,0,115.1,75.2
2007,1,C,1,Holei 4,C,124,CO,CO,3.8,10,10,,,,,,,,,28.64997731,28.64997731,0,0,0,0,0,0,0,0,57.3,62.5
2007,1,C,1,Holei 4,C,125,CO,FE,5,12,11.8,,,,,,,,,37.66892711,36.73045967,0,0,0,0,0,0,0,0,74.4,66.3
2007,1,C,1,Holei 4,C,126,CA,CA,1.6,NL,,,,,,,,,,1.6,,,,,,,,,,1.6,50.2
2007,1,C,1,Holei 4,C,127,CA,CF,4,NL,,,,,,,,,,4,,,,,,,,,,4,50.8
2007,1,C,1,Holei 4,C,129,CO,CO,2.7,7.8,7.5,,,,,,,,,19.73092703,18.60281832,0,0,0,0,0,0,0,0,38.3,58.3
2007,1,C,1,Holei 4,C,130,CO,FE,7.8,14,14,,,,,,,,,47.47632309,47.47632309,0,0,0,0,0,0,0,0,95,70.8
2007,1,C,1,Holei 4,C,131,CA,CA,4.5,12.2,12.1,19.2,19,,,,,,,38.6152654,38.14111648,76.27597306,75.08640519,0,0,0,0,0,0,228.1,100.1
2007,1,C,1,Holei 4,C,132,CA,CF,2.8,NL,,,,,,,,,,2.8,,,,,,,,,,2.8,50.5
2007,1,C,1,Holei 4,C,134,CO,CO,4,6.3,,,,,,,,,,14.31905579,0,0,0,0,0,0,0,0,0,14.3,53
2007,1,C,1,Holei 4,C,135,CO,FE,9.5,16.2,16.4,,,,,,,,,59.10541495,60.20414355,0,0,0,0,0,0,0,0,119.3,76.1
2007,1,C,1,Holei 4,C,136,CA,CA,2,7.8,8,8.5,9,,,,,,,19.73092703,20.49522365,22.44786447,24.45894459,0,0,0,0,0,0,87.1,69.1
2007,1,C,1,Holei 4,C,137,CA,CF,2.5,9,9,7,,,,,,,,24.45894459,24.45894459,16.77262164,0,0,0,0,0,0,0,65.7,64.3
2007,1,C,1,Holei 4,C,139,CO,CO,4,4.5,4.5,,,,,,,,,8.640951882,8.640951882,0,0,0,0,0,0,0,0,17.3,53.7
2007,1,C,1,Holei 4,C,140,CO,FE,5.5,18.5,18.5,15,,,,,,,,72.13993784,72.13993784,52.65684949,0,0,0,0,0,0,0,196.9,93.2
2007,1,C,2,Aviation 2,C,141,CA,CF,0.5,3.9,3.9,,,,,,,,,6.970619292,6.970619292,0,0,0,0,0,0,0,0,13.9,53
2007,1,C,2,Aviation 2,C,142,CO,PC,10.1,13.5,13.5,,,,,,,,,44.95399596,44.95399596,0,0,0,0,0,0,0,0,89.9,69.7
2007,1,C,2,Aviation 2,C,143,CO,CO,5.3,13,13,,,,,,,,,42.4780575,42.4780575,0,0,0,0,0,0,0,0,85,68.6
2007,1,C,2,Aviation 2,C,144,CO,FE,3.7,8.3,7.7,8.1,,,,,,,,21.65969849,19.3524302,20.88099282,0,0,0,0,0,0,0,61.9,63.5
2007,1,C,2,Aviation 2,C,145,CA,CA,2.1,NL,,,,,,,,,,2.1,,,,,,,,,,2.1,50.4
2007,1,C,2,Aviation 2,C,146,CA,CF,8.5,18.5,18.6,,,,,,,,,72.13993784,72.72607724,0,0,0,0,0,0,0,0,144.9,81.8
2007,1,C,2,Aviation 2,C,147,CO,PC,3.5,5.4,5.4,,,,,,,,,11.36110452,11.36110452,0,0,0,0,0,0,0,0,22.7,54.9
2007,1,C,2,Aviation 2,C,148,CO,CO,3.2,NL,,,,,,,,,,3.2,,,,,,,,,,3.2,50.6
2007,1,C,2,Aviation 2,C,149,CO,FE,4.7,8,,,,,,,,,,20.49522365,0,0,0,0,0,0,0,0,0,20.5,54.4
2007,1,C,2,Aviation 2,C,150,CA,CA,6,17.7,18,19,,,,,,,,67.50826592,69.23310981,75.08640519,0,0,0,0,0,0,0,211.8,96.5
2007,1,C,2,Aviation 2,C,151,CA,CF,4.3,7.3,7.3,,,,,,,,,17.86315751,17.86315751,0,0,0,0,0,0,0,0,35.7,57.7
2007,1,C,2,Aviation 2,C,152,CO,PC,6.1,NL,,,,,,,,,,6.1,,,,,,,,,,6.1,51.2
2007,1,C,2,Aviation 2,C,153,CO,CO,5.9,20,19.5,14,14,,,,,,,81.09618212,78.07198785,47.47632309,47.47632309,0,0,0,0,0,0,254.1,105.8
2007,1,C,2,Aviation 2,C,154,CO,FE,6.9,15.3,15.5,9.9,,,,,,,,54.24560898,55.31350698,28.22099182,0,0,0,0,0,0,0,137.8,80.2
2007,1,C,2,Aviation 2,C,155,CA,CA,3.5,8.5,8.7,,,,,,,,,22.44786447,23.24537905,0,0,0,0,0,0,0,0,45.7,59.9
2007,1,C,2,Aviation 2,C,156,CA,CF,2.4,NL,,,,,,,,,,2.4,,,,,,,,,,2.4,50.4
2007,1,C,2,Aviation 2,C,157,CO,PC,3.3,NL,,,,,,,,,,3.3,,,,,,,,,,3.3,50.6
2007,1,C,2,Aviation 2,C,158,CO,CO,6,15,15,9,9.1,,,,,,,52.65684949,52.65684949,24.45894459,24.8680262,0,0,0,0,0,0,154.6,83.9
2007,1,C,2,Aviation 2,C,159,CO,FE,5.8,15.7,16,13,13,,,,,,,56.38833231,58.01346269,42.4780575,42.4780575,0,0,0,0,0,0,199.4,93.7
2007,1,C,2,Aviation 2,C,160,CA,CA,5.2,18.8,14,14,,,,,,,,73.90309553,47.47632309,47.47632309,0,0,0,0,0,0,0,168.9,87
2007,1,C,2,Aviation 2,C,161,CA,CF,4.5,6,,,,,,,,,,13.30782632,0,0,0,0,0,0,0,0,0,13.3,52.8
2007,1,C,2,Aviation 2,C,162,CO,PC,7,NL,,,,,,,,,,7,,,,,,,,,,7,51.4
2007,1,C,2,Aviation 2,C,163,CO,CO,13.2,NL,,,,,,,,,,13.2,,,,,,,,,,13.2,52.8
2007,1,C,2,Aviation 2,C,164,CO,FE,NC,13.5,13.5,13.5,14,,,,,,,44.95399596,44.95399596,44.95399596,47.47632309,0,0,0,0,0,0,182.3,90
2007,1,C,2,Aviation 2,C,165,CA,CA,8.8,11.2,11,,,,,,,,,33.96295394,33.05665018,0,0,0,0,0,0,0,0,67,64.6
2007,1,C,3,Para 3,C,166,CA,CF,3,17,16.5,14,14,,,,,,,63.54057757,60.75603602,47.47632309,47.47632309,0,0,0,0,0,0,219.2,98.1
2007,1,C,3,Para 3,C,167,CO,PC,6,15.3,16,10,,,,,,,,54.24560898,58.01346269,28.64997731,0,0,0,0,0,0,0,140.9,80.9
2007,1,C,3,Para 3,C,168,CO,CO,2.8,4.3,5.5,,,,,,,,,8.070933722,11.67838304,0,0,0,0,0,0,0,0,19.7,54.2
2007,1,C,3,Para 3,C,169,CO,FE,3.8,7.7,8.2,8.2,,,,,,,,19.3524302,21.26915597,21.26915597,0,0,0,0,0,0,0,61.9,63.5
2007,1,C,3,Para 3,C,170,CA,CA,4.5,9.7,9.6,,,,,,,,,27.36952956,26.94707494,0,0,0,0,0,0,0,0,54.3,61.8
2007,1,C,3,Para 3,C,171,CA,CF,NC,6.8,5.1,5.1,,,,,,,,16.05844214,10.42696399,10.42696399,0,0,0,0,0,0,0,36.9,58
2007,1,C,3,Para 3,C,172,CO,PC,2.5,7.8,8,9,9.2,,,,,,,19.73092703,20.49522365,24.45894459,25.27936671,0,0,0,0,0,0,90,69.7
2007,1,C,3,Para 3,C,173,CO,CO,NC,6.2,7,5.7,,,,,,,,13.97923634,16.77262164,12.32162616,0,0,0,0,0,0,0,43.1,59.4
2007,1,C,3,Para 3,C,174,CO,FE,1.4,11.4,11.6,,,,,,,,,34.87740421,35.79992938,0,0,0,0,0,0,0,0,70.7,65.4
2007,1,C,3,Para 3,C,175,CA,CA,2.5,8.2,7,6.9,,,,,,,,21.26915597,16.77262164,16.41423521,0,0,0,0,0,0,0,54.5,61.9
2007,1,C,3,Para 3,C,176,CA,CF,5.6,9.5,9.5,,,,,,,,,26.52681974,26.52681974,0,0,0,0,0,0,0,0,53.1,61.6
2007,1,C,3,Para 3,C,177,CO,PC,5.3,11.3,7.3,,,,,,,,,34.41916528,17.86315751,0,0,0,0,0,0,0,0,52.3,61.4
2007,1,C,3,Para 3,C,178,CO,CO,2.3,7.4,7.3,,,,,,,,,18.23173572,17.86315751,0,0,0,0,0,0,0,0,36.1,57.8
2007,1,C,3,Para 3,C,179,CO,FE,5.5,20.5,20,19.5,19.5,,,,,,,84.15850327,81.09618212,78.07198785,78.07198785,0,0,0,0,0,0,321.4,120.6
2007,1,C,3,Para 3,C,180,CA,CA,NC,7.5,8.5,,,,,,,,,18.60281832,22.44786447,0,0,0,0,0,0,0,0,41.1,58.9
2007,1,C,3,Para 3,C,181,CA,CF,0.9,NL,,,,,,,,,,0.9,,,,,,,,,,0.9,50.1
2007,1,C,3,Para 3,C,501,CO,PC,2.2,NL,,,,,,,,,,2.2,,,,,,,,,,2.2,50.4
2007,1,C,3,Para 3,C,502,CO,CO,5.1,8.6,,,,,,,,,,22.84546002,0,0,0,0,0,0,0,0,0,22.8,54.9
2007,1,C,3,Para 3,C,503,CO,FE,1.7,NL,,,,,,,,,,1.7,,,,,,,,,,1.7,50.3
2007,1,C,3,Para 3,C,504,CA,CA,2,NL,,,,,,,,,,2,,,,,,,,,,2,50.3
2007,1,C,4,Kaula 4,C,505,CO,FE,5.5,11.5,12,13.2,,,,,,,,35.33766184,37.66892711,43.46281091,0,0,0,0,0,0,0,116.5,75.5
2007,1,C,5,Kaula 3,C,506,CA,CA,8,15.8,15.9,,,,,,,,,56.9283289,57.47004082,0,0,0,0,0,0,0,0,114.4,75.1
2007,1,C,5,Kaula 3,C,507,CA,CF,6,NL,,,,,,,,,,6,,,,,,,,,,6,51.2
2007,1,C,4,Kaula 4,C,509,CO,CO,8.1,17.5,17.7,,,,,,,,,66.36646676,67.50826592,0,0,0,0,0,0,0,0,133.9,79.3
2007,1,C,4,Kaula 4,C,510,CO,FE,1.2,NL,,,,,,,,,,1.2,,,,,,,,,,1.2,50.2
2007,1,C,5,Kaula 3,C,511,CA,CF,10.4,23.2,23.2,14,,,,,,,,101.3347257,101.3347257,47.47632309,0,0,0,0,0,0,0,250.1,104.9
2007,1,C,5,Kaula 3,C,512,CA,CF,4.5,10.7,10.6,,,,,,,,,31.71263076,31.26877854,0,0,0,0,0,0,0,0,63,63.7
2007,1,C,4,Kaula 4,C,514,CO,CO,7,16,16.3,,,,,,,,,58.01346269,59.65393481,0,0,0,0,0,0,0,0,117.7,75.8
2007,1,C,4,Kaula 4,C,515,CO,FE,0.5,NL,,,,,,,,,,0.5,,,,,,,,,,0.5,50
2007,1,C,5,Kaula 3,C,516,CA,CA,4.6,NL,,,,,,,,,,4.6,,,,,,,,,,4.6,50.9
2007,1,C,5,Kaula 3,C,517,CA,CF,3.7,7.4,,,,,,,,,,18.23173572,0,0,0,0,0,0,0,0,0,18.2,53.9
2007,1,C,4,Kaula 4,C,519,CO,CO,1.5,NL,,,,,,,,,,1.5,,,,,,,,,,1.5,50.2
2007,1,C,4,Kaula 4,C,520,CO,FE,6.2,8.5,8.5,,,,,,,,,22.44786447,22.44786447,0,0,0,0,0,0,0,0,44.9,59.8
2007,1,C,5,Kaula 3,C,521,CA,CA,3.6,NL,,,,,,,,,,3.6,,,,,,,,,,3.6,50.7
2007,1,C,5,Kaula 3,C,522,CA,CA,2.6,13.6,14,12.2,,,,,,,,45.45477765,47.47632309,38.6152654,0,0,0,0,0,0,0,131.5,78.8
2007,1,C,4,Kaula 4,C,524,CA,CF,3.3,14,13.6,13.5,13.9,,,,,,,47.47632309,45.45477765,44.95399596,46.96818727,0,0,0,0,0,0,184.9,90.6
2007,1,C,4,Kaula 4,C,525,CA,CA,4.1,6.4,6.4,,,,,,,,,14.66158901,14.66158901,0,0,0,0,0,0,0,0,29.3,56.3
2007,1,C,5,Kaula 3,C,527,CO,CO,3.3,5.7,5.7,,,,,,,,,12.32162616,12.32162616,0,0,0,0,0,0,0,0,24.6,55.3
2007,1,C,5,Kaula 3,C,528,CO,FE,3.5,NL,,,,,,,,,,3.5,,,,,,,,,,3.5,50.7
2007,1,C,4,Kaula 4,C,529,CA,CF,4.3,4.5,8.4,,,,,,,,,8.640951882,22.05260602,0,0,0,0,0,0,0,0,30.7,56.6
2007,1,C,4,Kaula 4,C,530,CA,CA,6,14.3,14.4,,,,,,,,,49.01163698,49.52702246,0,0,0,0,0,0,0,0,98.5,71.6
2007,1,C,5,Kaula 3,C,533,CO,FE,4.4,8.6,,,,,,,,,,22.84546002,0,0,0,0,0,0,0,0,0,22.8,54.9
2007,1,C,4,Kaula 4,C,534,CA,CF,3,NL,,,,,,,,,,3,,,,,,,,,,3,50.6
2007,1,C,4,Kaula 4,C,535,CA,CA,7.3,11.2,11.3,,,,,,,,,33.96295394,34.41916528,0,0,0,0,0,0,0,0,68.4,64.9
2007,1,C,5,Kaula 3,C,537,CO,CO,6,13.2,13.1,,,,,,,,,43.46281091,42.96949248,0,0,0,0,0,0,0,0,86.4,68.9
2007,1,C,5,Kaula 3,C,538,CO,FE,4.2,NL,,,,,,,,,,4.2,,,,,,,,,,4.2,50.8
2007,1,C,4,Kaula 4,C,539,CA,CF,4,NL,,,,,,,,,,4,,,,,,,,,,4,50.8
2007,1,C,4,Kaula 4,C,540,CA,CA,5.2,8.2,8.1,,,,,,,,,21.26915597,20.88099282,0,0,0,0,0,0,0,0,42.2,59.2
2007,1,C,5,Kaula 3,C,542,CO,CO,5,6.5,6.5,,,,,,,,,15.00681477,15.00681477,0,0,0,0,0,0,0,0,30,56.5
2007,1,C,5,Kaula 3,C,543,CO,FE,1.8,NL,,,,,,,,,,1.8,,,,,,,,,,1.8,50.3
2007,1,C,4,Kaula 4,C,569,CO,CO,4.4,NL,,,,,,,,,,4.4,,,,,,,,,,4.4,50.9
2007,1,C,5,Kaula 3,C,582,CO,CO,10,16.5,22.2,22.3,,,,,,,,60.75603602,94.84943151,95.4914993,0,0,0,0,0,0,0,251.1,105.1
2007,1,C,3,Para 3,C,590,CO,PC,3.6,NL,,,,,,,,,,3.6,,,,,,,,,,3.6,50.7
2007,1,C,3,Para 3,C,591,CO,CO,5,9,,,,,,,,,,24.45894459,0,0,0,0,0,0,0,0,0,24.5,55.3
2007,1,C,3,Para 3,C,592,CO,FE,1.1,NL,,,,,,,,,,1.1,,,,,,,,,,1.1,50.1
2007,1,C,3,Para 3,C,593,CA,CA,3.8,NL,,,,,,,,,,3.8,,,,,,,,,,3.8,50.7
2007,1,C,3,Para 3,C,597,CA,CF,1.2,NL,,,,,,,,,,1.2,,,,,,,,,,1.2,50.2
2008,2,N,1,Sand 4,C,1,CA,CA,7,12.5,12.5,,,,,,,,,40.04938974,40.04938974,0,0,0,0,0,0,0,0,80.1,67.5
2008,2,N,1,Sand 4,C,2,CA,CF,5.5,7.9,,,,,,,,,,20.11186333,0,0,0,0,0,0,0,0,0,20.1,54.3
2008,2,N,1,Sand 4,C,4,CO,CO,0.7,5.2,5.2,,,,,,,,,10.73536714,10.73536714,0,0,0,0,0,0,0,0,21.5,54.6
2008,2,N,1,Sand 4,C,5,CO,FE,7.1,17.8,17.6,37,37,,,,,,,68.08159908,66.93655362,204.198191,204.198191,0,0,0,0,0,0,543.4,169.4
2008,2,N,1,Sand 4,C,6,CA,CA,6.6,24.6,24.6,29,29,,,,,,,110.6514149,110.6514149,141.6543504,141.6543504,0,0,0,0,0,0,504.6,160.9
2008,2,N,1,Sand 4,C,7,CA,CF,,6.5,6.5,4.5,,,,,,,,15.00681477,15.00681477,8.640951882,0,0,0,0,0,0,0,38.7,58.4
2008,2,N,1,Sand 4,C,9,CO,CO,4.6,14.5,14.5,,,,,,,,,50.04420454,50.04420454,0,0,0,0,0,0,0,0,100.1,71.9
2008,2,N,1,Sand 4,C,10,CO,FE,4.5,9.3,9.3,15,15,,,,,,,25.69295382,25.69295382,52.65684949,52.65684949,0,0,0,0,0,0,156.7,84.4
2008,2,N,1,Sand 4,C,11,CA,CA,6.2,14.5,14.4,23,23,,,,,,,50.04420454,49.52702246,100.0262384,100.0262384,0,0,0,0,0,0,299.6,115.8
2008,2,N,1,Sand 4,C,12,CA,CF,7,24,25.2,25.2,,,,,,,,106.6250818,114.7272633,114.7272633,0,0,0,0,0,0,0,336.1,123.8
2008,2,N,1,Sand 4,C,14,CO,CO,5.4,10.6,10.6,14.5,,,,,,,,31.26877854,31.26877854,50.04420454,0,0,0,0,0,0,0,112.6,74.7
2008,2,N,1,Sand 4,C,15,CO,FE,11.9,22.9,22.9,34.1,34,,,,,,,99.37412664,99.37412664,180.6516284,179.8569749,0,0,0,0,0,0,559.3,172.9
2008,2,N,1,Sand 4,C,16,CA,CA,6,13.5,17.5,17.5,,,,,,,,44.95399596,66.36646676,66.36646676,0,0,0,0,0,0,0,177.7,89
2008,2,N,1,Sand 4,C,17,CA,CF,9,25.6,25.6,32,,,,,,,,117.471711,117.471711,164.2120091,0,0,0,0,0,0,0,399.2,137.7
2008,2,N,1,Sand 4,C,19,CO,CO,6.2,22,22,25,25.1,,,,,,,93.56964213,93.56964213,113.3631824,114.044542,0,0,0,0,0,0,414.5,141.1
2008,2,N,1,Sand 4,C,21,CA,CA,2.5,6.6,10,9.8,,,,,,,,15.35471231,28.64997731,27.79417224,0,0,0,0,0,0,0,71.8,65.7
2008,2,N,1,Sand 4,C,22,CA,CF,6,17.2,17.5,17.9,17.9,,,,,,,64.66600536,66.36646676,68.65654855,68.65654855,0,0,0,0,0,0,268.3,108.9
2008,2,N,1,Sand 4,C,24,CO,CO,not intact,5.4,,,,,,,,,,11.36110452,0,0,0,0,0,0,0,0,0,11.4,52.4
2008,2,N,1,Sand 4,C,25,CO,FE,not intact,28,28,24.3,,,,,,,,134.385745,134.385745,108.6320211,0,0,0,0,0,0,0,377.4,132.9
2008,2,N,2,Sand 3,C,27,CO,PC,8.2,23,23,25.5,25.5,,,,,,,100.0262384,100.0262384,116.78357,116.78357,0,0,0,0,0,0,433.6,145.3
2008,2,N,2,Sand 3,C,28,CO,CO,4.2,21.6,21.7,34.6,34.9,21.6,21.6,,,,,91.02754041,91.6608729,184.6423905,187.0507831,91.02754041,91.02754041,0,0,0,0,736.4,211.9
2008,2,N,2,Sand 3,C,29,CO,FE,9.5,19.5,20,,,,,,,,,78.07198785,81.09618212,0,0,0,0,0,0,0,0,159.2,84.9
2008,2,N,2,Sand 3,C,30,CA,CA,5.2,28.5,28.5,,,,,,,,,138.0040722,138.0040722,0,0,0,0,0,0,0,0,276,110.6
2008,2,N,2,Sand 3,C,31,CA,CF,2.4,7.4,8.2,8.2,7.4,,,,,,,18.23173572,21.26915597,21.26915597,18.23173572,0,0,0,0,0,0,79,67.3
2008,2,N,2,Sand 3,C,32,CO,PC,5.8,16.3,16.1,8.6,,,,,,,,59.65393481,58.55858916,22.84546002,0,0,0,0,0,0,0,141.1,80.9
2008,2,N,2,Sand 3,C,33,CO,CO,4.5,24.5,24.5,16.5,17,,,,,,,109.9769045,109.9769045,60.75603602,63.54057757,0,0,0,0,0,0,344.3,125.6
2008,2,N,2,Sand 3,C,34,CO,FE,11.6,27.5,27.5,37.5,37.4,,,,,,,130.7996521,130.7996521,208.3543722,207.520901,0,0,0,0,0,0,677.5,198.9
2008,2,N,2,Sand 3,C,35,CA,CA,7.7,24.7,24.7,23.5,23.5,,,,,,,111.3273006,111.3273006,103.3080705,103.3080705,0,0,0,0,0,0,429.3,144.3
2008,2,N,2,Sand 3,C,36,CA,CF,2.5,7,11.1,11.1,,,,,,,,16.77262164,33.5087792,33.5087792,0,0,0,0,0,0,0,83.8,68.3
2008,2,N,2,Sand 3,C,37,CO,PC,9.1,17.1,17.2,20.4,20.4,,,,,,,64.10246697,64.66600536,83.54301155,83.54301155,0,0,0,0,0,0,295.9,115
2008,2,N,2,Sand 3,C,38,CO,CO,11.2,28,28,30.2,,,,,,,,134.385745,134.385745,150.5437411,0,0,0,0,0,0,0,419.3,142.1
2008,2,N,2,Sand 3,C,39,CO,FE,8,17.1,17.2,,,,,,,,,64.10246697,64.66600536,0,0,0,0,0,0,0,0,128.8,78.2
2008,2,N,2,Sand 3,C,40,CA,CA,none,21.4,21.4,22.2,22.2,10.2,,,,,,89.76528156,89.76528156,94.84943151,94.84943151,29.5144028,0,0,0,0,0,398.7,137.6
2008,2,N,2,Sand 3,C,41,CA,CF,6.1,14.8,14.8,18.5,18.5,,,,,,,51.6064688,51.6064688,72.13993784,72.13993784,0,0,0,0,0,0,247.5,104.3
2008,2,N,2,Sand 3,C,43,CO,CO,5,14,13.5,,,,,,,,,47.47632309,44.95399596,0,0,0,0,0,0,0,0,92.4,70.2
2008,2,N,2,Sand 3,C,44,CO,FE,5.4,14.2,14.2,14.5,14.1,,,,,,,48.49805437,48.49805437,50.04420454,47.98628094,0,0,0,0,0,0,195,92.8
2008,2,N,2,Sand 3,C,45,CA,CA,4.6,17.4,17.4,,,,,,,,,65.79800998,65.79800998,0,0,0,0,0,0,0,0,131.6,78.8
2008,2,N,2,Sand 3,C,46,CA,CF,12.8,27.2,27.2,,,,,,,,,128.6635897,128.6635897,0,0,0,0,0,0,0,0,257.3,106.5
2008,2,N,2,Sand 3,C,47,CO,PC,none,12.5,9.6,9.6,,,,,,,,40.04938974,26.94707494,26.94707494,0,0,0,0,0,0,0,93.9,70.6
2008,2,N,2,Sand 3,C,48,CO,CO,11,30.5,29,29.1,,,,,,,,152.7941656,141.6543504,142.3882158,0,0,0,0,0,0,0,436.8,146
2008,2,N,2,Sand 3,C,49,CO,FE,5.7,19.7,19.5,9.2,,,,,,,,79.27705972,78.07198785,25.27936671,0,0,0,0,0,0,0,182.6,90.1
2008,2,N,2,Sand 3,C,50,CA,CA,4.7,,,,,,,,,,,4.7,,,,,,,,,,4.7,50.9
2008,2,N,3,East 2,C,51,CA,CF,8,28,27.5,22.5,22.5,,,,,,,134.385745,130.7996521,96.77996489,96.77996489,0,0,0,0,0,0,458.7,150.8
2008,2,N,3,East 2,C,52,CO,PC,11.7,18,,,,,,,,,,69.23310981,0,0,0,0,0,0,0,0,0,69.2,65.1
2008,2,N,3,East 2,C,53,CO,CO,2.5,23.5,23.1,24.5,24.5,,,,,,,103.3080705,100.6797724,109.9769045,109.9769045,0,0,0,0,0,0,423.9,143.2
2008,2,N,3,East 2,C,54,CO,FE,,13.5,18,23.5,25,,,,,,,44.95399596,69.23310981,103.3080705,113.3631824,0,0,0,0,0,0,330.9,122.7
2008,2,N,3,East 2,C,55,CA,CA,14.5,26.1,26.1,,,,,,,,,120.9325882,120.9325882,0,0,0,0,0,0,0,0,241.9,103.1
2008,2,N,3,East 2,C,56,CA,CF,3.2,7.5,11,,,,,,,,,18.60281832,33.05665018,0,0,0,0,0,0,0,0,51.7,61.3
2008,2,N,3,East 2,C,57,CO,PC,6,13.8,13.8,18,18,,,,,,,46.46188001,46.46188001,69.23310981,69.23310981,0,0,0,0,0,0,231.4,100.8
2008,2,N,3,East 2,C,58,CO,CO,4.3,13.5,13.5,11,11.5,18.5,18.5,,,,,44.95399596,44.95399596,33.05665018,35.33766184,72.13993784,72.13993784,0,0,0,0,302.6,116.5
2008,2,N,3,East 2,C,59,CO,FE,2,10,10,,,,,,,,,28.64997731,28.64997731,0,0,0,0,0,0,0,0,57.3,62.5
2008,2,N,3,East 2,C,60,CA,CA,4,12.5,15,14.8,,,,,,,,40.04938974,52.65684949,51.6064688,0,0,0,0,0,0,0,144.3,81.6
2008,2,N,3,East 2,C,61,CA,CF,5,18.5,18.2,,,,,,,,,72.13993784,70.39104989,0,0,0,0,0,0,0,0,142.5,81.2
2008,2,N,3,East 2,C,62,CO,PC,4.2,7.2,13,12.8,,,,,,,,17.49710076,42.4780575,41.50086681,0,0,0,0,0,0,0,101.5,72.2
2008,2,N,3,East 2,C,63,CO,CO,4.8,20.3,20,10.9,,,,,,,,82.92902985,81.09618212,32.60657616,0,0,0,0,0,0,0,196.6,93.1
2008,2,N,3,East 2,C,64,CO,FE,7.6,,,,,,,,,,,7.6,,,,,,,,,,7.6,51.6
2008,2,N,3,East 2,C,65,CA,CA,7,16,16,,,,,,,,,58.01346269,58.01346269,0,0,0,0,0,0,0,0,116,75.4
2008,2,N,3,East 2,C,66,CA,CF,5.5,10.5,10.6,,,,,,,,,30.82701964,31.26877854,0,0,0,0,0,0,0,0,62.1,63.6
2008,2,N,3,East 2,C,67,CO,PC,10,18.7,19.2,,,,,,,,,73.31379788,76.27597306,0,0,0,0,0,0,0,0,149.6,82.8
2008,2,N,3,East 2,C,68,CO,CO,4.3,,,,,,,,,,,4.3,,,,,,,,,,4.3,50.8
2008,2,N,3,East 2,C,69,CO,FE,5,6.5,12.2,12.2,,,,,,,,15.00681477,38.6152654,38.6152654,0,0,0,0,0,0,0,92.2,70.2
2008,2,N,3,East 2,C,70,CA,CA,4.5,30.5,31,21.7,22,,,,,,,152.7941656,156.5695563,91.6608729,93.56964213,0,0,0,0,0,0,494.6,158.7
2008,2,N,3,East 2,C,71,CA,CF,8.4,27.5,27.5,25.5,,,,,,,,130.7996521,130.7996521,116.78357,0,0,0,0,0,0,0,378.4,133.1
2008,2,N,3,East 2,C,72,CO,PC,4.5,11.5,20.5,31.6,,,,,,,,35.33766184,84.15850327,161.1404462,0,0,0,0,0,0,0,280.6,111.6
2008,2,N,3,East 2,C,73,CO,CO,12,32,32,37.3,,,,,,,,164.2120091,164.2120091,206.6885458,0,0,0,0,0,0,0,535.1,167.6
2008,2,N,3,East 2,C,74,CO,FE,5.2,7.5,,,,,,,,,,18.60281832,0,0,0,0,0,0,0,0,0,18.6,54
2008,2,N,3,East 2,C,75,CA,CA,6,18,18,18,23.5,,,,,,,69.23310981,69.23310981,69.23310981,103.3080705,0,0,0,0,0,0,311,118.3
2008,2,N,4,East 4,C,76,CO,FE,3.5,6,,,,,,,,,,13.30782632,0,0,0,0,0,0,0,0,0,13.3,52.8
2008,2,N,4,East 4,C,77,CA,CA,5.5,7.7,,,,,,,,,,19.3524302,0,0,0,0,0,0,0,0,0,19.4,54.1
2008,2,N,4,East 4,C,78,CA,CF,5,17.9,17.9,18.6,18.6,,,,,,,68.65654855,68.65654855,72.72607724,72.72607724,0,0,0,0,0,0,282.8,112.1
2008,2,N,4,East 4,C,80,CO,CO,3,12,14,12,21.5,21,,,,,,37.66892711,47.47632309,37.66892711,90.3956755,87.25848444,0,0,0,0,0,300.5,116
2008,2,N,4,East 4,C,81,CO,FE,2,10,19.6,19.6,12.9,,,,,,,28.64997731,78.67375355,78.67375355,41.98851317,0,0,0,0,0,0,228,100
2008,2,N,4,East 4,C,82,CA,CA,5.5,14.5,16.5,16.5,,,,,,,,50.04420454,60.75603602,60.75603602,0,0,0,0,0,0,0,171.6,87.6
2008,2,N,4,East 4,C,83,CA,CF,4,18,16.5,16.4,,,,,,,,69.23310981,60.75603602,60.20414355,0,0,0,0,0,0,0,190.2,91.7
2008,2,N,4,East 4,C,85,CO,CO,11.2,28.6,28.6,28.1,,,,,,,,138.7315807,138.7315807,135.1068408,0,0,0,0,0,0,0,412.6,140.7
2008,2,N,4,East 4,C,86,CO,FE,9.2,18,29.4,,,,,,,,,69.23310981,144.597392,0,0,0,0,0,0,0,0,213.8,96.9
2008,2,N,4,East 4,C,87,CA,CA,4,25.5,25.5,14.5,15.5,15.5,,,,,,116.78357,116.78357,50.04420454,55.31350698,55.31350698,0,0,0,0,0,394.2,136.6
2008,2,N,4,East 4,C,88,CA,CF,5.5,21.5,21.6,19.4,,,,,,,,90.3956755,91.02754041,77.47176655,0,0,0,0,0,0,0,258.9,106.8
2008,2,N,4,East 4,C,90,CO,CO,3.1,,,,,,,,,,,3.1,,,,,,,,,,3.1,50.6
2008,2,N,4,East 4,C,91,CO,FE,7.4,9.5,9.5,16.5,16.5,,,,,,,26.52681974,26.52681974,60.75603602,60.75603602,0,0,0,0,0,0,174.6,88.3
2008,2,N,4,East 4,C,92,CA,CA,4.2,7.2,,,,,,,,,,17.49710076,0,0,0,0,0,0,0,0,0,17.5,53.7
2008,2,N,4,East 4,C,93,CA,CF,4.5,9,9,,,,,,,,,24.45894459,24.45894459,0,0,0,0,0,0,0,0,48.9,60.7
2008,2,N,4,East 4,C,95,CO,CO,10.8,22.8,22.8,34.5,,,,,,,,98.72344028,98.72344028,183.8419111,0,0,0,0,0,0,0,381.3,133.8
2008,2,N,5,Holei 1,C,96,CA,CA,5.5,8.3,,,,,,,,,,21.65969849,0,0,0,0,0,0,0,0,0,21.7,54.7
2008,2,N,5,Holei 1,C,97,CA,CF,6,16,16,,,,,,,,,58.01346269,58.01346269,0,0,0,0,0,0,0,0,116,75.4
2008,2,N,5,Holei 1,C,99,CO,CO,3.5,22.7,22.7,20.3,,,,,,,,98.07418245,98.07418245,82.92902985,0,0,0,0,0,0,0,279.1,111.3
2008,2,N,5,Holei 1,C,100,CO,FE,12,8.7,8.7,,,,,,,,,23.24537905,23.24537905,0,0,0,0,0,0,0,0,46.5,60.1
2008,2,N,5,Holei 1,C,101,CA,CA,13.5,21,31,31,,,,,,,,87.25848444,156.5695563,156.5695563,0,0,0,0,0,0,0,400.4,138
2008,2,N,5,Holei 1,C,102,CA,CF,7.5,16.1,20.5,,,,,,,,,58.55858916,84.15850327,0,0,0,0,0,0,0,0,142.7,81.3
2008,2,N,5,Holei 1,C,104,CO,CO,9.5,21.1,21.1,,,,,,,,,87.88295998,87.88295998,0,0,0,0,0,0,0,0,175.8,88.6
2008,2,N,5,Holei 1,C,105,CO,FE,6,19.4,19.4,21.5,22.5,,,,,,,77.47176655,77.47176655,90.3956755,96.77996489,0,0,0,0,0,0,342.1,125.2
2008,2,N,5,Holei 1,C,106,CA,CA,5,5.5,,,,,,,,,,11.67838304,0,0,0,0,0,0,0,0,0,11.7,52.5
2008,2,N,5,Holei 1,C,107,CA,CF,5.5,26,23,27.2,23.3,,,,,,,120.2377318,100.0262384,128.6635897,101.9910952,0,0,0,0,0,0,450.9,149.1
2008,2,N,5,Holei 1,C,109,CO,CO,4,7,12.2,12.2,,,,,,,,16.77262164,38.6152654,38.6152654,0,0,0,0,0,0,0,94,70.6
2008,2,N,5,Holei 1,C,110,CO,FE,5.2,16,16,17.2,17.5,,,,,,,58.01346269,58.01346269,64.66600536,66.36646676,0,0,0,0,0,0,247.1,104.2
2008,2,N,5,Holei 1,C,111,CA,CA,9,26.5,26.5,,,,,,,,,123.7253422,123.7253422,0,0,0,0,0,0,0,0,247.5,104.3
2008,2,N,5,Holei 1,C,112,CA,CF,7,,,,,,,,,,,7,,,,,,,,,,7,51.4
2008,2,N,5,Holei 1,C,114,CO,CO,6.9,18.5,20.4,22,21.5,,,,,,,72.13993784,83.54301155,93.56964213,90.3956755,0,0,0,0,0,0,339.6,124.6
2008,2,N,5,Holei 1,C,115,CO,FE,3.5,7.1,,,,,,,,,,17.13358287,0,0,0,0,0,0,0,0,0,17.1,53.7
2008,2,C,1,Holei 4,C,116,CA,CA,4.3,9.5,14,14.5,,,,,,,,26.52681974,47.47632309,50.04420454,0,0,0,0,0,0,0,124,77.2
2008,2,C,1,Holei 4,C,117,CA,CF,5.2,35,35.2,20.6,20.5,17.2,,,,,,187.8558931,189.4695722,84.77550134,84.15850327,64.66600536,0,0,0,0,0,610.9,184.3
2008,2,C,1,Holei 4,C,119,CO,CO,5.1,20.5,20.3,27,27.3,,,,,,,84.15850327,82.92902985,127.2460848,129.3743056,0,0,0,0,0,0,423.7,143.1
2008,2,C,1,Holei 4,C,120,CO,FE,7,18,18,21.5,,,,,,,,69.23310981,69.23310981,90.3956755,0,0,0,0,0,0,0,228.9,100.2
2008,2,C,1,Holei 4,C,121,CA,CA,none,14.1,16,16,,,,,,,,47.98628094,58.01346269,58.01346269,0,0,0,0,0,0,0,164,86
2008,2,C,1,Holei 4,C,122,CA,CF,4.5,15.6,15.9,17.8,17.9,,,,,,,55.85005651,57.47004082,68.08159908,68.65654855,0,0,0,0,0,0,250.1,104.9
2008,2,C,1,Holei 4,C,124,CO,CO,8.1,8.3,,,,,,,,,,21.65969849,0,0,0,0,0,0,0,0,0,21.7,54.7
2008,2,C,1,Holei 4,C,125,CO,FE,4.6,22,22,23,22.5,,,,,,,93.56964213,93.56964213,100.0262384,96.77996489,0,0,0,0,0,0,383.9,134.4
2008,2,C,1,Holei 4,C,126,CA,CA,5.5,18,18,18.5,18.5,,,,,,,69.23310981,69.23310981,72.13993784,72.13993784,0,0,0,0,0,0,282.7,112.1
2008,2,C,1,Holei 4,C,127,CA,CF,7.9,14,14,,,,,,,,,47.47632309,47.47632309,0,0,0,0,0,0,0,0,95,70.8
2008,2,C,1,Holei 4,C,129,CO,CO,2.6,14,14,12.8,12.8,,,,,,,47.47632309,47.47632309,41.50086681,41.50086681,0,0,0,0,0,0,178,89
2008,2,C,1,Holei 4,C,130,CO,FE,8,18,18,,,,,,,,,69.23310981,69.23310981,0,0,0,0,0,0,0,0,138.5,80.4
2008,2,C,1,Holei 4,C,131,CA,CA,5,23.3,23.3,25.7,25.7,,,,,,,101.9910952,101.9910952,118.1612002,118.1612002,0,0,0,0,0,0,440.3,146.8
2008,2,C,1,Holei 4,C,132,CA,CF,4.5,9.5,9.5,,,,,,,,,26.52681974,26.52681974,0,0,0,0,0,0,0,0,53.1,61.6
2008,2,C,1,Holei 4,C,134,CO,CO,6,10.22,16.5,16.5,,,,,,,,29.60131619,60.75603602,60.75603602,0,0,0,0,0,0,0,151.1,83.1
2008,2,C,1,Holei 4,C,135,CO,FE,12,30,30,,,,,,,,,149.0496628,149.0496628,0,0,0,0,0,0,0,0,298.1,115.5
2008,2,C,1,Holei 4,C,136,CA,CA,none,11.5,9.7,9.5,18.5,18.5,,,,,,35.33766184,27.36952956,26.52681974,72.13993784,72.13993784,0,0,0,0,0,233.5,101.3
2008,2,C,1,Holei 4,C,137,CA,CF,5,23,23,12,12,10.5,,,,,,100.0262384,100.0262384,37.66892711,37.66892711,30.82701964,0,0,0,0,0,306.2,117.3
2008,2,C,1,Holei 4,C,139,CO,CO,6,10.5,10.5,,,,,,,,,30.82701964,30.82701964,0,0,0,0,0,0,0,0,61.7,63.5
2008,2,C,1,Holei 4,C,140,CO,FE,5.5,16.6,23.6,32.5,32.5,,,,,,,61.30960714,103.9686704,168.0785897,168.0785897,0,0,0,0,0,0,501.4,160.2
2008,2,C,2,Aviation 2,C,141,CA,CF,0.6,8.5,8.7,8.7,,,,,,,,22.44786447,23.24537905,23.24537905,0,0,0,0,0,0,0,68.9,65.1
2008,2,C,2,Aviation 2,C,142,CO,PC,13,24.2,24.2,,,,,,,,,107.9616537,107.9616537,0,0,0,0,0,0,0,0,215.9,97.4
2008,2,C,2,Aviation 2,C,143,CO,CO,6.6,18.7,18.7,12.2,,,,,,,,73.31379788,73.31379788,38.6152654,0,0,0,0,0,0,0,185.2,90.6
2008,2,C,2,Aviation 2,C,144,CO,FE,4.7,13.2,22.8,21.5,,,,,,,,43.46281091,98.72344028,90.3956755,0,0,0,0,0,0,0,232.6,101.1
2008,2,C,2,Aviation 2,C,145,CA,CA,7.1,15,15,,,,,,,,,52.65684949,52.65684949,0,0,0,0,0,0,0,0,105.3,73.1
2008,2,C,2,Aviation 2,C,146,CA,CF,11.4,38.2,38.2,,,,,,,,,214.2197935,214.2197935,0,0,0,0,0,0,0,0,428.4,144.1
2008,2,C,2,Aviation 2,C,147,CO,PC,6.5,16.3,18.4,17.5,,,,,,,,59.65393481,71.55538395,66.36646676,0,0,0,0,0,0,0,197.6,93.4
2008,2,C,2,Aviation 2,C,148,CO,CO,10,16.8,,,,,,,,,,62.4217651,0,0,0,0,0,0,0,0,0,62.4,63.6
2008,2,C,2,Aviation 2,C,149,CO,FE,6.4,19.1,19.7,19.7,,,,,,,,75.68040889,79.27705972,79.27705972,0,0,0,0,0,0,0,234.2,101.4
2008,2,C,2,Aviation 2,C,150,CA,CA,7.1,23.4,31.1,31.5,,,,,,,,102.6488778,157.3283189,160.3755854,0,0,0,0,0,0,0,420.4,142.4
2008,2,C,2,Aviation 2,C,151,CA,CF,6.5,11.5,11.5,18.6,18.7,,,,,,,35.33766184,35.33766184,72.72607724,73.31379788,0,0,0,0,0,0,216.7,97.6
2008,2,C,2,Aviation 2,C103,152,CO,PC,9.1,23.6,23.6,,,,,,,,,103.9686704,103.9686704,0,0,0,0,0,0,0,0,207.9,95.6
2008,2,C,2,Aviation 2,C,153,CO,CO,6.5,26.5,26.5,26.3,25.3,,,,,,,123.7253422,123.7253422,122.3263046,115.4113435,0,0,0,0,0,0,485.2,156.6
2008,2,C,2,Aviation 2,C,154,CO,FE,6.5,21.4,21.4,24.5,24.5,,,,,,,89.76528156,89.76528156,109.9769045,109.9769045,0,0,0,0,0,0,399.5,137.8
2008,2,C,2,Aviation 2,C,155,CA,CA,5.4,18.6,18.6,16.7,16.7,,,,,,,72.72607724,72.72607724,61.86485183,61.86485183,0,0,0,0,0,0,269.2,109.1
2008,2,C,2,Aviation 2,C,156,CA,CF,6.9,,,,,,,,,,,6.9,,,,,,,,,,6.9,51.4
2008,2,C,2,Aviation 2,C,157,CO,PC,9.5,17.4,,,,,,,,,,65.79800998,0,0,0,0,0,0,0,0,0,65.8,64.4
2008,2,C,2,Aviation 2,C,158,CO,CO,6.4,18.4,19,22.5,22.5,,,,,,,71.55538395,75.08640519,96.77996489,96.77996489,0,0,0,0,0,0,340.2,124.7
2008,2,C,2,Aviation 2,C,159,CO,FE,6,26.1,27,21.5,21,,,,,,,120.9325882,127.2460848,90.3956755,87.25848444,0,0,0,0,0,0,425.8,143.6
2008,2,C,2,Aviation 2,C,160,CA,CA,6.2,26.2,24.5,26.2,,,,,,,,121.62878,109.9769045,121.62878,0,0,0,0,0,0,0,353.2,127.6
2008,2,C,2,Aviation 2,C,161,CA,CF,6.5,15.1,15.1,19.9,19.9,,,,,,,53.18468335,53.18468335,80.48827786,80.48827786,0,0,0,0,0,0,267.3,108.7
2008,2,C,2,Aviation 2,C,162,CO,PC,14.9,23.5,23.5,,,,,,,,,103.3080705,103.3080705,0,0,0,0,0,0,0,0,206.6,95.3
2008,2,C,2,Aviation 2,C,163,CO,CO,14.5,,,,,,,,,,,14.5,,,,,,,,,,14.5,53.1
2008,2,C,2,Aviation 2,C,164,CO,FE,none,18,18,25.2,25.2,,,,,,,69.23310981,69.23310981,114.7272633,114.7272633,0,0,0,0,0,0,367.9,130.8
2008,2,C,2,Aviation 2,C,165,CA,CA,10.5,20.9,20.9,24.5,24.5,,,,,,,86.63549724,86.63549724,109.9769045,109.9769045,0,0,0,0,0,0,393.2,136.4
2008,2,C,3,Para 3,C,166,CA,CF,6.6,25,25,20,20.5,11,,,,,,113.3631824,113.3631824,81.09618212,84.15850327,33.05665018,0,0,0,0,0,425,143.4
2008,2,C,3,Para 3,C,167,CO,PC,6.1,23.5,22.8,19.5,19.5,,,,,,,103.3080705,98.72344028,78.07198785,78.07198785,0,0,0,0,0,0,358.2,128.7
2008,2,C,3,Para 3,C,168,CO,CO,8,16,16.3,9.6,,,,,,,,58.01346269,59.65393481,26.94707494,0,0,0,0,0,0,0,144.6,81.7
2008,2,C,3,Para 3,C,169,CO,FE,12,19.2,19.2,,,,,,,,,76.27597306,76.27597306,0,0,0,0,0,0,0,0,152.6,83.5
2008,2,C,3,Para 3,C,170,CA,CA,6.5,24,24.1,15.6,15.6,,,,,,,106.6250818,107.292673,55.85005651,55.85005651,0,0,0,0,0,0,325.6,121.5
2008,2,C,3,Para 3,C,171,CA,CF,no cot,10,15,15,10.5,,,,,,,28.64997731,52.65684949,52.65684949,30.82701964,0,0,0,0,0,0,164.8,86.1
2008,2,C,3,Para 3,C,172,CO,PC,2.5,13,12.7,9.2,8.1,8.1,,,,,,42.4780575,41.01512579,25.27936671,20.88099282,20.88099282,0,0,0,0,0,150.5,83
2008,2,C,3,Para 3,C,173,CO,CO,no cot,9.5,9.5,11,11,6,,,,,,26.52681974,26.52681974,33.05665018,33.05665018,13.30782632,0,0,0,0,0,132.5,79
2008,2,C,3,Para 3,C,174,CO,FE,7.5,14,20.3,20,,,,,,,,47.47632309,82.92902985,81.09618212,0,0,0,0,0,0,0,211.5,96.4
2008,2,C,3,Para 3,C,175,CA,CA,3,12,12,15.5,16,,,,,,,37.66892711,37.66892711,55.31350698,58.01346269,0,0,0,0,0,0,188.7,91.4
2008,2,C,3,Para 3,C,176,CA,CF,8.8,16.5,16.5,,,,,,,,,60.75603602,60.75603602,0,0,0,0,0,0,0,0,121.5,76.6
2008,2,C,3,Para 3,C,177,CO,PC,6.5,16.5,16.5,18.7,,,,,,,,60.75603602,60.75603602,73.31379788,0,0,0,0,0,0,0,194.8,92.8
2008,2,C,3,Para 3,C,178,CO,CO,3.8,6.5,13.7,13.7,,,,,,,,15.00681477,45.95740791,45.95740791,0,0,0,0,0,0,0,106.9,73.4
2008,2,C,3,Para 3,C,179,CO,FE,5.7,24.5,24.5,31.5,31.3,,,,,,,109.9769045,109.9769045,160.3755854,158.8495129,0,0,0,0,0,0,539.2,168.5
2008,2,C,3,Para 3,C,180,CA,CA,1,14,14,7.7,,,,,,,,47.47632309,47.47632309,19.3524302,0,0,0,0,0,0,0,114.3,75
2008,2,C,3,Para 3,C,501,CO,PC,6.4,15.5,16,,,,,,,,,55.31350698,58.01346269,0,0,0,0,0,0,0,0,113.3,74.8
2008,2,C,3,Para 3,C,502,CO,CO,6.2,15,18,18,15,,,,,,,52.65684949,69.23310981,69.23310981,52.65684949,0,0,0,0,0,0,243.8,103.5
2008,2,C,3,Para 3,C,503,CO,FE,3.2,7.5,7.5,,,,,,,,,18.60281832,18.60281832,0,0,0,0,0,0,0,0,37.2,58.1
2008,2,C,3,Para 3,C,504,CA,CA,4.3,,,,,,,,,,,4.3,,,,,,,,,,4.3,50.8
2008,2,C,4,Kaula 4,C,505,CO,FE,6.2,18.5,18.5,18.5,,,,,,,,72.13993784,72.13993784,72.13993784,0,0,0,0,0,0,0,216.4,97.5
2008,2,C,5,Kaula 3,C,506,CA,CA,9.9,27,27,17.4,,,,,,,,127.2460848,127.2460848,65.79800998,0,0,0,0,0,0,0,320.3,120.4
2008,2,C,5,Kaula 3,C,507,CA,CF,10.5,16.5,16.5,,,,,,,,,60.75603602,60.75603602,0,0,0,0,0,0,0,0,121.5,76.6
2008,2,C,4,Kaula 4,C,509,CO,CO,9.8,20.2,20.2,27.2,27.1,,,,,,,82.31656188,82.31656188,128.6635897,127.954182,0,0,0,0,0,0,421.3,142.6
2008,2,C,4,Kaula 4,C,510,CO,FE,7.5,11,11,,,,,,,,,33.05665018,33.05665018,0,0,0,0,0,0,0,0,66.1,64.4
2008,2,C,5,Kaula 3,C,511,CA,CF,12,26.7,26.7,33.5,33,,,,,,,125.1296808,125.1296808,175.9012972,171.9750948,0,0,0,0,0,0,598.1,181.5
2008,2,C,5,Kaula 3,C,512,CA,CF,5.7,18.2,21.7,21.7,,,,,,,,70.39104989,91.6608729,91.6608729,0,0,0,0,0,0,0,253.7,105.7
2008,2,C,4,Kaula 4,C,514,CO,CO,7.5,17.1,17.1,25.3,25.3,,,,,,,64.10246697,64.10246697,115.4113435,115.4113435,0,0,0,0,0,0,359,128.9
2008,2,C,4,Kaula 4,C,515,CO,FE,5.5,9,9,,,,,,,,,24.45894459,24.45894459,0,0,0,0,0,0,0,0,48.9,60.7
2008,2,C,5,Kaula 3,C,516,CA,CA,6.8,9,,,,,,,,,,24.45894459,0,0,0,0,0,0,0,0,0,24.5,55.3
2008,2,C,5,Kaula 3,C,517,CA,CF,5,13.5,,,,,,,,,,44.95399596,0,0,0,0,0,0,0,0,0,45,59.8
2008,2,C,4,Kaula 4,C,519,CO,CO,5,11,11,,,,,,,,,33.05665018,33.05665018,0,0,0,0,0,0,0,0,66.1,64.4
2008,2,C,4,Kaula 4,C,520,CO,FE,9.3,16.5,16.5,,,,,,,,,60.75603602,60.75603602,0,0,0,0,0,0,0,0,121.5,76.6
2008,2,C,5,Kaula 3,C,521,CA,CA,5,10.6,10.6,11.5,11.6,,,,,,,31.26877854,31.26877854,35.33766184,35.79992938,0,0,0,0,0,0,133.7,79.3
2008,2,C,5,Kaula 3,C,522,CA,CA,3.2,18,19,14.5,18.5,18.5,,,,,,69.23310981,75.08640519,50.04420454,72.13993784,72.13993784,0,0,0,0,0,338.6,124.4
2008,2,C,4,Kaula 4,C,524,CA,CF,no cot,18,18,18,18,31.5,31.5,,,,,69.23310981,69.23310981,69.23310981,69.23310981,160.3755854,160.3755854,0,0,0,0,597.7,181.4
2008,2,C,4,Kaula 4,C,525,CA,CA,7.8,17.1,,,,,,,,,,64.10246697,0,0,0,0,0,0,0,0,0,64.1,64
2008,2,C,5,Kaula 3,C,527,CO,CO,5,10.6,14,14.2,,,,,,,,31.26877854,47.47632309,48.49805437,0,0,0,0,0,0,0,127.2,77.9
2008,2,C,5,Kaula 3,C,528,CO,FE,3.7,9.5,9.5,,,,,,,,,26.52681974,26.52681974,0,0,0,0,0,0,0,0,53.1,61.6
2008,2,C,4,Kaula 4,C,529,CA,CF,5,13.5,14.5,14.5,,,,,,,,44.95399596,50.04420454,50.04420454,0,0,0,0,0,0,0,145,81.8
2008,2,C,4,Kaula 4,C,530,CA,CA,6.5,22.7,22.7,19.3,19.3,,,,,,,98.07418245,98.07418245,76.87309362,76.87309362,0,0,0,0,0,0,349.9,126.9
2008,2,C,5,Kaula 3,C,533,CO,FE,6.3,15.2,12.1,,,,,,,,,53.71427177,38.14111648,0,0,0,0,0,0,0,0,91.9,70.1
2008,2,C,4,Kaula 4,C,534,CA,CF,10.5,13.5,13.5,,,,,,,,,44.95399596,44.95399596,0,0,0,0,0,0,0,0,89.9,69.7
2008,2,C,4,Kaula 4,C,535,CA,CA,11.2,14,14,17.5,17.5,,,,,,,47.47632309,47.47632309,66.36646676,66.36646676,0,0,0,0,0,0,227.7,100
2008,2,C,5,Kaula 3,C,537,CO,CO,8.2,24,24,26,26,,,,,,,106.6250818,106.6250818,120.2377318,120.2377318,0,0,0,0,0,0,453.7,149.7
2008,2,C,5,Kaula 3,C,538,CO,FE,4,7.8,7.8,6.5,,,,,,,,19.73092703,19.73092703,15.00681477,0,0,0,0,0,0,0,54.5,61.9
2008,2,C,4,Kaula 4,C,539,CA,CF,6,8,9,,,,,,,,,20.49522365,24.45894459,0,0,0,0,0,0,0,0,45,59.8
2008,2,C,4,Kaula 4,C,540,CA,CA,6.5,17,17,15,15,,,,,,,63.54057757,63.54057757,52.65684949,52.65684949,0,0,0,0,0,0,232.4,101
2008,2,C,5,Kaula 3,C,542,CO,CO,9.3,14.3,22.2,22.2,,,,,,,,49.01163698,94.84943151,94.84943151,0,0,0,0,0,0,0,238.7,102.4
2008,2,C,5,Kaula 3,C,543,CO,FE,4.1,9.1,,,,,,,,,,24.8680262,0,0,0,0,0,0,0,0,0,24.9,55.4
2008,2,C,4,Kaula 4,C,569,CO,CO,9,16,16,,,,,,,,,58.01346269,58.01346269,0,0,0,0,0,0,0,0,116,75.4
2008,2,C,5,Kaula 3,C,582,CO,CO,10.7,29,29,35.5,35.5,,,,,,,141.6543504,141.6543504,191.8987134,191.8987134,0,0,0,0,0,0,667.1,196.7
2008,2,C,3,Para 3,C,590,CO,PC,13.5,19.5,19.5,,,,,,,,,78.07198785,78.07198785,0,0,0,0,0,0,0,0,156.1,84.2
2008,2,C,3,Para 3,C,591,CO,CO,6.5,16,13.5,13.5,,,,,,,,58.01346269,44.95399596,44.95399596,0,0,0,0,0,0,0,147.9,82.4
2008,2,C,3,Para 3,C,592,CO,FE,2,4,4,4.6,,,,,,,,7.240632999,7.240632999,8.930793825,0,0,0,0,0,0,0,23.4,55
2008,2,C,3,Para 3,C,593,CA,CA,4.3,10.2,10.2,6.1,,,,,,,,29.5144028,29.5144028,13.64215242,0,0,0,0,0,0,0,72.7,65.9
2008,2,C,3,Para 3,C,597,CA,CF,3.1,,,,,,,,,,,3.1,,,,,,,,,,3.1,50.6
2010,4,N,1,Sand 4,C,1,CA,CA,,147,145,196,208,,,,,,,1619.512608,1586.550099,2494.191937,2726.899639,0,0,0,0,0,0,8427.2,1903.9
2010,4,N,1,Sand 4,C,2,CA,CF,,155,94,46,80,135,196,225,117,275,147,1753.602655,827.7258211,283.1327215,649.7595356,1425.17535,2494.191937,3068.212679,1149.68292,4146.737928,1619.512608,17417.7,3881.8
2010,4,N,1,Sand 4,C,5,CO,FE,,84,101,116,47,81,,,,,,699.1331879,921.9579137,1134.964218,292.4222247,661.9895657,0,0,0,0,0,3710.5,866.2
2010,4,N,1,Sand 4,C,6,CA,CA,,135,135,156,164,166,,,,,,1425.17535,1425.17535,1770.612871,1908.650378,1943.696861,0,0,0,0,0,8473.3,1914
2010,4,N,1,Sand 4,C,7,CA,CF,,144,163,198,138,72,133,,,,,1570.153889,1891.207124,2532.49385,1472.979759,554.7101245,1393.599496,0,0,0,0,9415.1,2121.2
2010,4,N,1,Sand 4,C,11,CA,CA,,96,136,149,171,136,132,169,51,,,854.3024074,1441.051619,1652.700619,2032.238823,1441.051619,1377.90035,1996.664124,330.5657648,0,0,11126.5,2497.7
2010,4,N,1,Sand 4,C,12,CA,CF,,124,104,113,142,167,181,154,156,82,,1254.467961,963.3698002,1091.189891,1537.532541,1961.299769,2213.225121,1736.647343,1770.612871,674.2954918,0,13202.6,2954.5
2010,4,N,1,Sand 4,C,14,CO,CO,,121,131,102,136,75,40,,,,,1209.186811,1362.260689,935.694335,1441.051619,589.7646595,229.5495973,0,0,0,0,5767.5,1318.7
2010,4,N,1,Sand 4,C,16,CA,CA,,129,169,191,149,169,194,154,,,,1331.160728,1996.664124,2399.29401,1652.700619,1996.664124,2456.085375,1736.647343,0,0,0,13569.2,3035.1
2010,4,N,1,Sand 4,C,17,CA,CF,,143,169,133,149,158,184,245,278,93,228,1553.814637,1996.664124,1393.599496,1652.700619,1804.797312,2268.518453,3486.594908,4214.828669,814.5430385,3129.826628,22315.9,4959.4
2010,4,N,1,Sand 4,C,21,CA,CA,,230,172,36,,,,,,,,3171.129202,2050.104665,195.9701686,0,0,0,0,0,0,0,5417.2,1241.7
2010,4,N,1,Sand 4,C,22,CA,CF,,159,352,156,127,172,282,150,300,290,300,1821.971191,6006.748857,1770.612871,1300.301453,2050.104665,4306.190304,1669.378713,4725.317534,4490.864142,4725.317534,32866.8,7280.6
2010,4,N,2,Sand 3,C,26,CA,CF,,121,92,28,,,,,,,,1209.186811,801.4310971,134.385745,0,0,0,0,0,0,0,2145,521.8
2010,4,N,2,Sand 3,C,27,CO,PC,,119,125,105,79,128,68,,,,,1179.309579,1269.684748,977.308192,637.6058735,1315.700888,509.1003682,0,0,0,0,5888.7,1345.4
2010,4,N,2,Sand 3,C,30,CA,CA,,101,111,122,109,,,,,,,921.9579137,1062.327945,1224.218742,1033.725426,0,0,0,0,0,0,4242.2,983.2
2010,4,N,2,Sand 3,C,34,CO,FE,,109,95,124,62,,,,,,,1033.725426,840.9790677,1254.467961,443.1833616,0,0,0,0,0,0,3572.4,835.8
2010,4,N,2,Sand 3,C,35,CA,CA,,150,144,144,120,120,,,,,,1669.378713,1570.153889,1570.153889,1194.217004,1194.217004,0,0,0,0,0,7198.1,1633.5
2010,4,N,2,Sand 3,C,36,CA,CF,,78,74,58,84,,,,,,,625.52906,578.0002374,400.9646108,699.1331879,0,0,0,0,0,0,2303.6,556.7
2010,4,N,2,Sand 3,C,37,CO,PC,,110,95,125,127,148,,,,,,1047.99411,840.9790677,1269.684748,1300.301453,1636.078522,0,0,0,0,0,6095,1390.8
2010,4,N,2,Sand 3,C,39,CO,FE,,104,118,155,182,184,145,78,,,,963.3698002,1164.464796,1753.602655,2231.605601,2268.518453,1586.550099,625.52906,0,0,0,10593.6,2380.5
2010,4,N,2,Sand 3,C,40,CA,CA,,115,117,129,116,139,81,,,,,1120.308963,1149.68292,1331.160728,1134.964218,1489.031204,661.9895657,0,0,0,0,6887.1,1565.1
2010,4,N,2,Sand 3,C,41,CA,CF,,128,113,124,131,134,,,,,,1315.700888,1091.189891,1254.467961,1362.260689,1409.357903,0,0,0,0,0,6433,1465.1
2010,4,N,2,Sand 3,C,43,CO,CO,,86,85,99,83,90,54,,,,,724.2690174,711.6640563,894.6893607,686.6768508,775.4212764,360.1807973,0,0,0,0,4152.9,963.5
2010,4,N,2,Sand 3,C,44,CO,FE,,129,107,80,110,89,,,,,,1331.160728,1005.384698,649.7595356,1047.99411,762.5241823,0,0,0,0,0,4796.8,1105.2
2010,4,N,2,Sand 3,C,45,CA,CA,,98,75,79,86,,,,,,,881.1579107,589.7646595,637.6058735,724.2690174,0,0,0,0,0,0,2832.8,673.1
2010,4,N,2,Sand 3,C,46,CA,CF,,139,171,180,231,160,152,260,220,212,,1489.031204,2032.238823,2194.895457,3191.848175,1839.19928,1702.902144,3811.893645,2966.435901,2805.995971,0,22034.4,4897.5
2010,4,N,2,Sand 3,C,48,CO,CO,,88,112,75,111,111,104,68,99,,,749.6995004,1076.726634,589.7646595,1062.327945,1062.327945,963.3698002,509.1003682,894.6893607,0,0,6908,1569.7
2010,4,N,2,Sand 3,C,49,CO,FE,,109,134,76,144,120,73,,,,,1033.725426,1409.357903,601.6079486,1570.153889,1194.217004,566.3152121,0,0,0,0,6375.4,1452.5
2010,4,N,2,Sand 3,C,50,CA,CA,,166,81,150,130,,,,,,,1943.696861,661.9895657,1669.378713,1346.680738,0,0,0,0,0,0,5621.7,1286.7
2010,4,N,3,East 2,C,58,CO,CO,,150,213,192,270,160,163,132,121,102,,1669.378713,2825.887738,2418.175166,4034.079277,1839.19928,1891.207124,1377.90035,1209.186811,935.694335,0,18200.7,4054
2010,4,N,3,East 2,C,59,CO,FE,,70,250,190,250,131,134,167,115,110,,531.7419822,3593.949988,2380.462327,3593.949988,1362.260689,1409.357903,1961.299769,1120.308963,1047.99411,0,17001.3,3790.2
2010,4,N,3,East 2,C,60,CA,CA,,56,150,155,54,131,155,81,147,99,128,380.3902087,1669.378713,1753.602655,360.1807973,1362.260689,1753.602655,661.9895657,1619.512608,894.6893607,1315.700888,11771.3,2639.6
2010,4,N,3,East 2,C,61,CA,CF,,110,70,130,140,94,140,60,150,190,,1047.99411,531.7419822,1346.680738,1505.140621,827.7258211,1505.140621,421.8976674,1669.378713,2380.462327,0,11236.2,2521.8
2010,4,N,3,East 2,C,62,CO,PC,,147,130,120,90,140,,,,,,1619.512608,1346.680738,1194.217004,775.4212764,1505.140621,0,0,0,0,0,6441,1466.9
2010,4,N,3,East 2,C,63,CO,CO,,98,79,125,62,105,,,,,,881.1579107,637.6058735,1269.684748,443.1833616,977.308192,0,0,0,0,0,4208.9,975.9
2010,4,N,3,East 2,C,64,CO,FE,,96,90,102,,,,,,,,854.3024074,775.4212764,935.694335,0,0,0,0,0,0,0,2565.4,614.3
2010,4,N,3,East 2,C,65,CA,CA,,14,155,168,97,143,74,170,150,125,,47.47632309,1753.602655,1978.955576,867.6954749,1553.814637,578.0002374,2014.425258,1669.378713,1269.684748,0,11733,2631.2
2010,4,N,3,East 2,C,66,CA,CF,,200,200,250,150,165,112,150,86,120,,2570.990126,2570.990126,3593.949988,1669.378713,1926.14701,1076.726634,1669.378713,724.2690174,1194.217004,0,16996,3789
2010,4,N,3,East 2,C,67,CO,PC,,114,135,140,207,82,75,126,180,,,1105.717427,1425.17535,1505.140621,2707.2438,674.2954918,589.7646595,1284.96266,2194.895457,0,0,11487.2,2577.1
2010,4,N,3,East 2,C,68,CO,CO,,175,182,166,134,175,126,146,170,115,,2104.014348,2231.605601,1943.696861,1409.357903,2104.014348,1284.96266,1603.00307,2014.425258,1120.308963,0,15815.4,3529.3
2010,4,N,3,East 2,C,70,CA,CA,,37,96,134,,,,,,,,204.198191,854.3024074,1409.357903,0,0,0,0,0,0,0,2467.9,592.8
2010,4,N,3,East 2,C,71,CA,CF,,50,160,110,170,135,155,167,165,,,320.8840688,1839.19928,1047.99411,2014.425258,1425.17535,1753.602655,1961.299769,1926.14701,0,0,12288.7,2753.4
2010,4,N,3,East 2,C,72,CO,PC,,46,70,104,97,108,82,67,50,,,283.1327215,531.7419822,963.3698002,867.6954749,1019.522188,674.2954918,497.9034879,320.8840688,0,0,5158.5,1184.8
2010,4,N,3,East 2,C,73,CO,CO,,90,131,136,116,144,138,,,,,775.4212764,1362.260689,1441.051619,1134.964218,1570.153889,1472.979759,0,0,0,0,7756.8,1756.4
2010,4,N,3,East 2,C,74,CO,FE,,92,160,155,142,134,105,,,,,801.4310971,1839.19928,1753.602655,1537.532541,1409.357903,977.308192,0,0,0,0,8318.4,1879.9
2010,4,N,3,East 2,C,75,CA,CA,,160,136,139,170,200,130,136,152,122,,1839.19928,1441.051619,1489.031204,2014.425258,2570.990126,1346.680738,1441.051619,1702.902144,1224.218742,0,15069.6,3365.2
2010,4,N,4,East 4,C,77,CA,CA,,35,121,123,118,,,,,,,187.8558931,1209.186811,1239.312543,1164.464796,0,0,0,0,0,0,3800.8,886.1
2010,4,N,4,East 4,C,78,CA,CF,,127,78,111,107,110,,,,,,1300.301453,625.52906,1062.327945,1005.384698,1047.99411,0,0,0,0,0,5041.5,1159
2010,4,N,4,East 4,C,83,CA,CF,,117,76,125,122,113,,,,,,1149.68292,601.6079486,1269.684748,1224.218742,1091.189891,0,0,0,0,0,5336.4,1223.9
2010,4,N,4,East 4,C,86,CO,FE,,95,,,,,,,,,,840.9790677,0,0,0,0,0,0,0,0,0,841,234.9
2010,4,N,4,East 4,C,87,CA,CA,,77,,,,,,,,,,613.5295852,0,0,0,0,0,0,0,0,0,613.5,184.9
2010,4,N,4,East 4,C,88,CA,CF,,144,126,16,13,136,,,,,,1570.153889,1284.96266,58.01346269,42.4780575,1441.051619,0,0,0,0,0,4396.7,1017.2
2010,4,N,4,East 4,C,92,CA,CA,,67,131,149,137,121,93,,,,,497.9034879,1362.260689,1652.700619,1456.986493,1209.186811,814.5430385,0,0,0,0,6993.6,1588.5
2010,4,N,4,East 4,C,93,CA,CF,,19,108,127,124,107,108,108,,,,75.08640519,1019.522188,1300.301453,1254.467961,1005.384698,1019.522188,1019.522188,0,0,0,6693.8,1522.5
2010,4,N,4,East 4,C,95,CO,CO,,89,,,,,,,,,,762.5241823,0,0,0,0,0,0,0,0,0,762.5,217.6
2010,4,N,5,Holei 1,C,96,CA,CA,,83,135,139,110,122,,,,,,686.6768508,1425.17535,1489.031204,1047.99411,1224.218742,0,0,0,0,0,5873.1,1342
2010,4,N,5,Holei 1,C,97,CA,CF,,152,123,106,126,,,,,,,1702.902144,1239.312543,991.3132627,1284.96266,0,0,0,0,0,0,5218.5,1198
2010,4,N,5,Holei 1,C,102,CA,CF,,73,131,128,,,,,,,,566.3152121,1362.260689,1315.700888,0,0,0,0,0,0,0,3244.3,763.6
2010,4,N,5,Holei 1,C,104,CO,CO,,156,148,110,140,56,132,,,,,1770.612871,1636.078522,1047.99411,1505.140621,380.3902087,1377.90035,0,0,0,0,7718.1,1747.9
2010,4,N,5,Holei 1,C,105,CO,FE,,164,153,142,131,113,88,,,,,1908.650378,1719.747113,1537.532541,1362.260689,1091.189891,749.6995004,0,0,0,0,8369.1,1891.1
2010,4,N,5,Holei 1,C,106,CA,CA,,171,150,163,112,95,,,,,,2032.238823,1669.378713,1891.207124,1076.726634,840.9790677,0,0,0,0,0,7510.5,1702.2
2010,4,N,5,Holei 1,C,107,CA,CF,,163,152,164,132,140,142,,,,,1891.207124,1702.902144,1908.650378,1377.90035,1505.140621,1537.532541,0,0,0,0,9923.3,2233
2010,4,N,5,Holei 1,C,111,CA,CA,,103,148,144,150,138,,,,,,949.4984067,1636.078522,1570.153889,1669.378713,1472.979759,0,0,0,0,0,7298.1,1655.5
2010,4,N,5,Holei 1,C,112,CA,CF,,157,139,110,102,90,,,,,,1787.677815,1489.031204,1047.99411,935.694335,775.4212764,0,0,0,0,0,6035.8,1377.8
2010,4,N,5,Holei 1,C,115,CO,FE,,16,18,,,,,,,,,58.01346269,69.23310981,0,0,0,0,0,0,0,0,127.2,77.9
2010,4,C,1,Holei 4,C,116,CA,CA,,59,140,134,125,,,,,,,411.3866905,1505.140621,1409.357903,1269.684748,0,0,0,0,0,0,4595.6,1060.9
2010,4,C,1,Holei 4,C,117,CA,CF,,166,161,37,150,139,142,112,,,,1943.696861,1856.48141,204.198191,1669.378713,1489.031204,1537.532541,1076.726634,0,0,0,9777,2200.8
2010,4,C,1,Holei 4,C,119,CO,CO,,131,138,124,124,110,95,129,,,,1362.260689,1472.979759,1254.467961,1254.467961,1047.99411,840.9790677,1331.160728,0,0,0,8564.3,1934
2010,4,C,1,Holei 4,C,120,CO,FE,,117,130,122,113,86,95,,,,,1149.68292,1346.680738,1224.218742,1091.189891,724.2690174,840.9790677,0,0,0,0,6377,1452.8
2010,4,C,1,Holei 4,C,121,CA,CA,,148,148,120,132,135,,,,,,1636.078522,1636.078522,1194.217004,1377.90035,1425.17535,0,0,0,0,0,7269.4,1649.2
2010,4,C,1,Holei 4,C,122,CA,CF,,116,134,128,120,,,,,,,1134.964218,1409.357903,1315.700888,1194.217004,0,0,0,0,0,0,5054.2,1161.8
2010,4,C,1,Holei 4,C,124,CO,CO,,66,109,115,,,,,,,,486.7900402,1033.725426,1120.308963,0,0,0,0,0,0,0,2640.8,630.9
2010,4,C,1,Holei 4,C,125,CO,FE,,91,127,116,124,112,,,,,,788.3903799,1300.301453,1134.964218,1254.467961,1076.726634,0,0,0,0,0,5554.9,1272
2010,4,C,1,Holei 4,C,126,CA,CA,,143,145,121,136,121,102,,,,,1553.814637,1586.550099,1209.186811,1441.051619,1209.186811,935.694335,0,0,0,0,7935.5,1795.7
2010,4,C,1,Holei 4,C,127,CA,CF,,160,183,132,160,177,147,131,,,,1839.19928,2250.036758,1377.90035,1839.19928,2140.212777,1619.512608,1362.260689,0,0,0,12428.3,2784.1
2010,4,C,1,Holei 4,C,129,CO,CO,,113,140,128,112,,,,,,,1091.189891,1505.140621,1315.700888,1076.726634,0,0,0,0,0,0,4988.8,1147.4
2010,4,C,1,Holei 4,C,131,CA,CA,,138,144,126,125,,,,,,,1472.979759,1570.153889,1284.96266,1269.684748,0,0,0,0,0,0,5597.8,1281.4
2010,4,C,1,Holei 4,C,132,CA,CF,,52,136,137,116,134,118,103,,,,340.3430617,1441.051619,1456.986493,1134.964218,1409.357903,1164.464796,949.4984067,0,0,0,7896.7,1787.2
2010,4,C,1,Holei 4,C,134,CO,CO,,147,143,133,119,129,,,,,,1619.512608,1553.814637,1393.599496,1179.309579,1331.160728,0,0,0,0,0,7077.4,1606.9
2010,4,C,1,Holei 4,C,135,CO,FE,,94,146,150,128,114,,,,,,827.7258211,1603.00307,1669.378713,1315.700888,1105.717427,0,0,0,0,0,6521.5,1484.6
2010,4,C,1,Holei 4,C,136,CA,CA,,150,152,147,136,119,112,,,,,1669.378713,1702.902144,1619.512608,1441.051619,1179.309579,1076.726634,0,0,0,0,8688.9,1961.4
2010,4,C,1,Holei 4,C,137,CA,CF,,110,142,131,127,,,,,,,1047.99411,1537.532541,1362.260689,1300.301453,0,0,0,0,0,0,5248.1,1204.5
2010,4,C,1,Holei 4,C,139,CO,CO,,104,120,102,121,96,,,,,,963.3698002,1194.217004,935.694335,1209.186811,854.3024074,0,0,0,0,0,5156.8,1184.4
2010,4,C,1,Holei 4,C,140,CO,FE,,85,135,139,125,133,,,,,,711.6640563,1425.17535,1489.031204,1269.684748,1393.599496,0,0,0,0,0,6289.2,1433.5
2010,4,C,2,Aviation 2,C,141,CA,CF,,70,149,148,97,137,110,,,,,531.7419822,1652.700619,1636.078522,867.6954749,1456.986493,1047.99411,0,0,0,0,7193.2,1632.4
2010,4,C,2,Aviation 2,C,144,CO,FE,,73,73,,,,,,,,,566.3152121,566.3152121,0,0,0,0,0,0,0,0,1132.6,299.1
2010,4,C,2,Aviation 2,C,145,CA,CA,,167,155,150,139,123,,,,,,1961.299769,1753.602655,1669.378713,1489.031204,1239.312543,0,0,0,0,0,8112.6,1834.7
2010,4,C,2,Aviation 2,C,146,CA,CF,,133,136,126,,,,,,,,1393.599496,1441.051619,1284.96266,0,0,0,0,0,0,0,4119.6,956.2
2010,4,C,2,Aviation 2,C,150,CA,CA,,122,141,160,113,,,,,,,1224.218742,1521.307801,1839.19928,1091.189891,0,0,0,0,0,0,5675.9,1298.6
2010,4,C,2,Aviation 2,C,156,CA,CF,,20,100,,,,,,,,,81.09618212,908.2894761,0,0,0,0,0,0,0,0,989.4,267.6
2010,4,C,2,Aviation 2,C,158,CO,CO,,45,,,,,,,,,,273.94387,0,0,0,0,0,0,0,0,0,273.9,110.2
2010,4,C,2,Aviation 2,C,160,CA,CA,,110,120,121,117,,,,,,,1047.99411,1194.217004,1209.186811,1149.68292,0,0,0,0,0,0,4601.1,1062.1
2010,4,C,2,Aviation 2,C,161,CA,CF,,98,133,140,,,,,,,,881.1579107,1393.599496,1505.140621,0,0,0,0,0,0,0,3779.9,881.5
2010,4,C,3,Para 3,C,166,CA,CF,,50,101,97,93,93,,,,,,320.8840688,921.9579137,867.6954749,814.5430385,814.5430385,0,0,0,0,0,3739.6,872.6
2010,4,C,3,Para 3,C,168,CO,CO,,88,,,,,,,,,,749.6995004,0,0,0,0,0,0,0,0,0,749.7,214.8
2010,4,C,3,Para 3,C,170,CA,CA,,130,22,130,130,130,130,,,,,1346.680738,93.56964213,1346.680738,1346.680738,1346.680738,1346.680738,0,0,0,0,6827,1551.8
2010,4,C,3,Para 3,C,173,CO,CO,,65,34,45,40,61,,,,,,475.7606534,179.8569749,273.94387,229.5495973,432.4967991,0,0,0,0,0,1591.6,400
2010,4,C,3,Para 3,C,176,CA,CF,,113,108,107,91,63,,,,,,1091.189891,1019.522188,1005.384698,788.3903799,453.9566486,0,0,0,0,0,4358.4,1008.7
2010,4,C,3,Para 3,C,180,CA,CA,,13,46,33,,,,,,,,42.4780575,283.1327215,171.9750948,0,0,0,0,0,0,0,497.6,159.4
2010,4,C,5,Kaula 3,C,506,CA,CA,,106,95,,,,,,,,,991.3132627,840.9790677,0,0,0,0,0,0,0,0,1832.3,453
2010,4,C,5,Kaula 3,C,507,CA,CF,,116,87,,,,,,,,,1134.964218,736.94764,0,0,0,0,0,0,0,0,1871.9,461.7
2010,4,C,5,Kaula 3,C,512,CA,CF,,94,,,,,,,,,,827.7258211,0,0,0,0,0,0,0,0,0,827.7,232
2010,4,C,4,Kaula 4,C,514,CO,CO,,51,54,74,52,,,,,,,330.5657648,360.1807973,578.0002374,340.3430617,0,0,0,0,0,0,1609.1,403.9
2010,4,C,4,Kaula 4,C,519,CO,CO,,51,36,27,,,,,,,,330.5657648,195.9701686,127.2460848,0,0,0,0,0,0,0,653.8,193.7
2010,4,C,4,Kaula 4,C,524,CA,CF,,132,39,120,115,107,,,,,,1377.90035,220.9893599,1194.217004,1120.308963,1005.384698,0,0,0,0,0,4918.8,1132
2010,4,C,4,Kaula 4,C,525,CA,CA,,67,9,128,120,,,,,,,497.9034879,24.45894459,1315.700888,1194.217004,0,0,0,0,0,0,3032.3,717
2010,4,C,4,Kaula 4,C,530,CA,CA,,73,139,132,131,122,,,,,,566.3152121,1489.031204,1377.90035,1362.260689,1224.218742,0,0,0,0,0,6019.7,1374.2
2010,4,C,4,Kaula 4,C,534,CA,CF,,59,135,134,116,120,,,,,,411.3866905,1425.17535,1409.357903,1134.964218,1194.217004,0,0,0,0,0,5575.1,1276.4
2010,4,C,4,Kaula 4,C,539,CA,CF,,131,25,147,134,122,,,,,,1362.260689,113.3631824,1619.512608,1409.357903,1224.218742,0,0,0,0,0,5728.7,1310.2
2010,4,C,4,Kaula 4,C,540,CA,CA,,75,143,135,131,131,,,,,,589.7646595,1553.814637,1425.17535,1362.260689,1362.260689,0,0,0,0,0,6293.3,1434.4
2011,5,N,2,Sand 3,C,26,CA,CF,80,75,35,35,,,,,,,,589.7646595,187.8558931,187.8558931,0,0,0,0,0,0,0,965.5,262.3
2011,5,N,2,Sand 3,C,27,CO,PC,210,100,100,100,40,,,,,,,908.2894761,908.2894761,908.2894761,229.5495973,0,0,0,0,0,0,2954.4,699.9
2011,5,N,2,Sand 3,C,30,CA,CA,175,65,50,90,,,,,,,,475.7606534,320.8840688,775.4212764,0,0,0,0,0,0,0,1572.1,395.7
2011,5,N,2,Sand 3,C,31,CA,CF,175,85,85,95,65,,,,,,,711.6640563,711.6640563,840.9790677,475.7606534,0,0,0,0,0,0,2740.1,652.7
2011,5,N,2,Sand 3,C,35,CA,CA,230,110,110,120,120,,,,,,,1047.99411,1047.99411,1194.217004,1194.217004,0,0,0,0,0,0,4484.4,1036.5
2011,5,N,2,Sand 3,C,37,CO,PC,200,140,140,110,95,95,120,,,,,1505.140621,1505.140621,1047.99411,840.9790677,840.9790677,1194.217004,0,0,0,0,6934.5,1575.5
2011,5,N,2,Sand 3,C,40,CA,CA,240,140,130,130,130,130,120,,,,,1505.140621,1346.680738,1346.680738,1346.680738,1346.680738,1194.217004,0,0,0,0,8086.1,1828.8
2011,5,N,2,Sand 3,C,41,CA,CF,200,120,120,130,,,,,,,,1194.217004,1194.217004,1346.680738,0,0,0,0,0,0,0,3735.1,871.6
2011,5,N,2,Sand 3,C,43,CO,CO,165,80,80,80,80,,,,,,,649.7595356,649.7595356,649.7595356,649.7595356,0,0,0,0,0,0,2599,621.7
2011,5,N,2,Sand 3,C,44,CO,FE,130,100,100,100,100,,,,,,,908.2894761,908.2894761,908.2894761,908.2894761,0,0,0,0,0,0,3633.2,849.2
2011,5,N,2,Sand 3,C,45,CA,CA,130,100,100,80,,,,,,,,908.2894761,908.2894761,649.7595356,0,0,0,0,0,0,0,2466.3,592.5
2011,5,N,2,Sand 3,C,46,CA,CF,400,250,250,250,250,200,,,,,,3593.949988,3593.949988,3593.949988,3593.949988,2570.990126,0,0,0,0,0,16946.8,3778.2
2011,5,N,2,Sand 3,C,48,CO,CO,170,100,100,100,80,80,,,,,,908.2894761,908.2894761,908.2894761,649.7595356,649.7595356,0,0,0,0,0,4024.4,935.3
2011,5,N,2,Sand 3,C,49,CO,FE,180,120,120,120,120,90,,,,,,1194.217004,1194.217004,1194.217004,1194.217004,775.4212764,0,0,0,0,0,5552.3,1271.4
2011,5,N,2,Sand 3,C,50,CA,CA,210,150,150,130,110,,,,,,,1669.378713,1669.378713,1346.680738,1047.99411,0,0,0,0,0,0,5733.4,1311.2
2011,5,N,3,East 2,C,52,CO,PC,200,150,150,150,150,150,150,150,,,,1669.378713,1669.378713,1669.378713,1669.378713,1669.378713,1669.378713,1669.378713,0,0,0,11685.7,2620.7
2011,5,N,3,East 2,C,53,CO,CO,175,50,50,50,50,50,,,,,,320.8840688,320.8840688,320.8840688,320.8840688,320.8840688,0,0,0,0,0,1604.4,402.9
2011,5,N,3,East 2,C,54,CO,FE,150,35,35,35,35,35,,,,,,187.8558931,187.8558931,187.8558931,187.8558931,187.8558931,0,0,0,0,0,939.3,256.5
2011,5,N,3,East 2,C,55,CA,CA,500,200,200,200,200,200,200,200,,,,2570.990126,2570.990126,2570.990126,2570.990126,2570.990126,2570.990126,2570.990126,0,0,0,17996.9,4009.2
2011,5,N,3,East 2,C,56,CA,CF,850,425,425,425,425,425,425,425,425,425,,7970.744812,7970.744812,7970.744812,7970.744812,7970.744812,7970.744812,7970.744812,7970.744812,7970.744812,0,71736.7,15832
2011,5,N,3,East 2,C,57,CO,PC,400,150,150,150,150,150,150,150,,,,1669.378713,1669.378713,1669.378713,1669.378713,1669.378713,1669.378713,1669.378713,0,0,0,11685.7,2620.7
2011,5,N,3,East 2,C,57,CO,PC,775,350,350,350,350,350,350,350,,,,5955.590434,5955.590434,5955.590434,5955.590434,5955.590434,5955.590434,5955.590434,0,0,0,41689.1,9221.5
2011,5,N,3,East 2,C,58,CO,CO,475,225,225,225,225,225,225,225,225,,,3068.212679,3068.212679,3068.212679,3068.212679,3068.212679,3068.212679,3068.212679,3068.212679,0,0,24545.7,5449.9
2011,5,N,3,East 2,C,59,CO,FE,800,400,400,400,400,400,400,400,400,400,400,7277.40484,7277.40484,7277.40484,7277.40484,7277.40484,7277.40484,7277.40484,7277.40484,7277.40484,7277.40484,72774,16060.2
2011,5,N,3,East 2,C,60,CA,CA,350,175,175,175,175,175,175,175,,,,2104.014348,2104.014348,2104.014348,2104.014348,2104.014348,2104.014348,2104.014348,0,0,0,14728.1,3290.1
2011,5,N,3,East 2,C,61,CA,CF,300,100,100,100,100,100,100,,,,,908.2894761,908.2894761,908.2894761,908.2894761,908.2894761,908.2894761,0,0,0,0,5449.7,1248.8
2011,5,N,3,East 2,C,62,CO,PC,200,90,90,90,90,90,90,,,,,775.4212764,775.4212764,775.4212764,775.4212764,775.4212764,775.4212764,0,0,0,0,4652.5,1073.4
2011,5,N,3,East 2,C,63,CO,CO,160,70,70,70,70,,,,,,,531.7419822,531.7419822,531.7419822,531.7419822,0,0,0,0,0,0,2127,517.8
2011,5,N,3,East 2,C,64,CO,FE,120,60,60,60,60,,,,,,,421.8976674,421.8976674,421.8976674,421.8976674,0,0,0,0,0,0,1687.6,421.2
2011,5,N,3,East 2,C,65,CA,CA,450,175,175,175,175,175,175,,,,,2104.014348,2104.014348,2104.014348,2104.014348,2104.014348,2104.014348,0,0,0,0,12624.1,2827.2
2011,5,N,3,East 2,C,66,CA,CF,800,350,350,350,350,350,350,350,,,,5955.590434,5955.590434,5955.590434,5955.590434,5955.590434,5955.590434,5955.590434,0,0,0,41689.1,9221.5
2011,5,N,3,East 2,C,67,CO,PC,175,75,75,75,75,75,,,,,,589.7646595,589.7646595,589.7646595,589.7646595,589.7646595,0,0,0,0,0,2948.8,698.6
2011,5,N,3,East 2,C,68,CO,CO,300,200,200,200,200,200,200,,,,,2570.990126,2570.990126,2570.990126,2570.990126,2570.990126,2570.990126,0,0,0,0,15425.9,3443.6
2011,5,N,3,East 2,C,70,CA,CA,140,50,50,50,,,,,,,,320.8840688,320.8840688,320.8840688,0,0,0,0,0,0,0,962.7,261.7
2011,5,N,3,East 2,C,71,CA,CF,300,150,150,150,150,150,,,,,,1669.378713,1669.378713,1669.378713,1669.378713,1669.378713,0,0,0,0,0,8346.9,1886.2
2011,5,N,3,East 2,C,72,CO,PC,140,30,30,30,30,30,30,30,,,,149.0496628,149.0496628,149.0496628,149.0496628,149.0496628,149.0496628,149.0496628,0,0,0,1043.3,279.4
2011,5,N,3,East 2,C,73,CO,CO,160,60,60,60,60,,,,,,,421.8976674,421.8976674,421.8976674,421.8976674,0,0,0,0,0,0,1687.6,421.2
2011,5,N,3,East 2,C,74,CO,FE,175,75,75,75,75,75,75,,,,,589.7646595,589.7646595,589.7646595,589.7646595,589.7646595,589.7646595,0,0,0,0,3538.6,828.4
2011,5,N,3,East 2,C,75,CA,CA,275,175,175,175,175,175,175,175,175,,,2104.014348,2104.014348,2104.014348,2104.014348,2104.014348,2104.014348,2104.014348,2104.014348,0,0,16832.1,3753
2011,5,N,4,East 4,C,77,CA,CA,170,180,20,,,,,,,,,2194.895457,81.09618212,0,0,0,0,0,0,0,0,2276,550.6
2011,5,N,4,East 4,C,78,CA,CF,200,200,180,180,180,90,,,,,,2570.990126,2194.895457,2194.895457,2194.895457,775.4212764,0,0,0,0,0,9931.1,2234.7
2011,5,N,4,East 4,C,82,CA,CA,200,210,210,200,140,,,,,,,2766.353435,2766.353435,2570.990126,1505.140621,0,0,0,0,0,0,9608.8,2163.8
2011,5,N,4,East 4,C,83,CA,CF,240,250,250,200,200,200,140,,,,,3593.949988,3593.949988,2570.990126,2570.990126,2570.990126,1505.140621,0,0,0,0,16406,3659.2
2011,5,N,4,East 4,C,88,CA,CF,240,250,220,220,220,200,180,,,,,3593.949988,2966.435901,2966.435901,2966.435901,2570.990126,2194.895457,0,0,0,0,17259.1,3846.9
2014,8,C,1,Holei 4,C,117,CO,CO,300,100,100,150,150,200,200,250,300,,,908.2894761,908.2894761,1669.378713,1669.378713,2570.990126,2570.990126,3593.949988,4725.317534,0,0,18616.6,4145.5
2014,8,C,1,Holei 4,C,125,CO,CO,300,300,300,300,300,300,300,300,,,,4725.317534,4725.317534,4725.317534,4725.317534,4725.317534,4725.317534,4725.317534,0,0,0,33077.2,7326.9
2014,8,C,1,Holei 4,C,126,CO,CO,475,450,450,450,450,450,450,,,,,8684.835297,8684.835297,8684.835297,8684.835297,8684.835297,8684.835297,0,0,0,0,52109,11513.9
2014,8,C,1,Holei 4,C,127,CA,CO,600,100,100,400,400,300,300,300,,,,908.2894761,908.2894761,7277.40484,7277.40484,4725.317534,4725.317534,4725.317534,0,0,0,30547.3,6770.3
2014,8,C,1,Holei 4,C,134,CO,CO,400,400,400,400,400,400,400,400,400,400,,7277.40484,7277.40484,7277.40484,7277.40484,7277.40484,7277.40484,7277.40484,7277.40484,7277.40484,0,65496.6,14459.2
2014,8,C,1,Holei 4,C,135,CO,CO,550,550,550,550,550,550,550,550,,,,11737.69217,11737.69217,11737.69217,11737.69217,11737.69217,11737.69217,11737.69217,0,0,0,82163.8,18125.9
2014,8,C,1,Holei 4,C,136,CA,CO,450,400,400,400,300,200,200,100,450,,,7277.40484,7277.40484,7277.40484,4725.317534,2570.990126,2570.990126,908.2894761,8684.835297,0,0,41292.6,9134.3
2014,8,C,2,Aviation 2,C,141,CA,CO,325,270,270,270,270,270,270,,,,,4034.079277,4034.079277,4034.079277,4034.079277,4034.079277,4034.079277,0,0,0,0,24204.5,5374.9
2014,8,C,2,Aviation 2,C,150,CA,CO,375,350,350,350,350,350,350,350,,,,5955.590434,5955.590434,5955.590434,5955.590434,5955.590434,5955.590434,5955.590434,0,0,0,41689.1,9221.5
2014,8,C,2,Aviation 2,C,160,CA,CO,200,144,144,137,150,,,,,,,1570.153889,1570.153889,1456.986493,1669.378713,0,0,0,0,0,0,6266.7,1428.6
2014,8,C,2,Aviation 2,C,161,CA,CO,225,94,206,172,200,170,,,,,,827.7258211,2687.635487,2050.104665,2570.990126,2014.425258,0,0,0,0,0,10150.9,2283.1
2014,8,C,4,Kaula 4,C,540,CA,CO,130,125,131,129.5,131,126,,,,,,1269.684748,1362.260689,1338.913226,1362.260689,1284.96266,0,0,0,0,0,6618.1,1505.9